Name,LastDone
[#173664:Squares],04/30/2026 20:25:16
[#223775:Lion cub],04/30/2026 20:26:02
[#228781:Cotinga cayana],04/30/2026 20:26:29
[#77007:Stray Kids],04/30/2026 20:45:18
[#229238:Crows],04/30/2026 20:45:54
[#181648:XTale],04/30/2026 20:46:59
[#222028:Stables],04/30/2026 20:47:33
[#65085:Shere Khan & Kaa],05/01/2026 01:46:08
[#231960:Rooster],05/01/2026 20:46:11
[#170780:Gold and Teal Pattern (044)],05/01/2026 23:36:20
[#230170:Oil Refinery Human (Warcraft II)],05/01/2026 23:36:43
[#174784:Apollo 18 - They Might be Giants],05/01/2026 23:37:07
[#148427:Limpet seashell],05/02/2026 00:49:25
[#228733:Kangaroo],05/02/2026 00:49:50
[#103796:Sparrow],05/02/2026 01:14:47
[#228812:MyDesign106],05/02/2026 01:15:11
[#191469:maskd rider - GEATS],05/02/2026 01:15:31
[#190495:Fallen - Evanescence],05/02/2026 01:15:51
[#170078:Mosaic 12],05/02/2026 01:16:19
[#229546:Babyfant],05/02/2026 01:16:49
[#142611:Boston terrier],05/02/2026 01:35:41
[#154069:+++Squares 89],05/02/2026 10:21:43
[#202662:Lion],05/02/2026 10:22:13
[#17698:Starwars],05/02/2026 10:22:51
[#56065:Cathedral in Moscow],05/02/2026 10:23:25
[#71985:Parasaurolophus],05/02/2026 10:24:11
[#199478:QS Pillow],05/02/2026 10:47:15
[#227499:MyDesign100],05/02/2026 13:28:23
[#183127:what],05/02/2026 13:29:12
[#225875:High noon],05/02/2026 13:30:01
[#229182:Pixie-bob],05/02/2026 13:30:51
[#233085:Pattern],05/02/2026 13:31:43
[#174926:Chainsaw Man],05/02/2026 21:47:50
[#211073:The wolf(There once was a dog)],05/02/2026 21:48:13
[#54754:Vocaloid],05/02/2026 21:48:33
[#215273:Max Steel],05/02/2026 21:48:56
[#149884:The Legend of Zelda],05/02/2026 21:49:16
[#229041:MyDesign108],05/02/2026 21:49:41
[#175394:Folk art 16],05/02/2026 21:50:10
[#144931:Yamato(ONE PIECE)],05/03/2026 11:38:21
[#178460:Pattern 332],05/03/2026 11:39:07
[#222870:Loyal Warrior Monk (Oniwaka)],05/03/2026 11:40:35
[#151085:Woman],05/03/2026 11:41:24
[#122099:Scaled And Icy],05/03/2026 11:42:18
[#222593:MyDesign20],06/01/2026 12:52:00
[#147949:Easter Island-Chile],06/01/2026 12:52:22
[#52619:Star Wars],06/01/2026 12:54:39
[#225945:Intersection],06/01/2026 12:55:03
[#216458:Dog with glasses],06/01/2026 12:55:30
[#228405:Eurypyga Helias],06/01/2026 12:55:57
[#158233:Rose],06/01/2026 12:56:20
[#60544:Ghost],06/01/2026 12:56:43
[#120393:Maynard J Keenan],06/01/2026 12:57:04
[#236646:Flower Vines],06/01/2026 12:57:37
[#243847:Okapi],06/01/2026 13:23:47
[#242367:MyDesign183],06/01/2026 14:40:05
[#243939:MyDesign203],06/01/2026 14:40:20
[#243385:Yoshi],06/01/2026 14:43:24
[#244412:MyDesign210],06/01/2026 14:43:41
[#244389:Angler management],06/01/2026 16:05:47
[#243493:MyDesign200],06/01/2026 17:11:44
[#241439:1009 - Walking Wake],06/01/2026 17:12:14
[#244297:Deep],06/01/2026 17:13:20
[#230473:Blue and red pattern 7],06/01/2026 22:23:10
[#222951:383 Groudon],06/01/2026 22:23:34
[#159237:Rombs],06/01/2026 22:23:52
[#210600:Pluvialis fulva],06/01/2026 22:24:11
[#41177:magic circle],06/01/2026 22:24:29
[#211375:Pyrrhula pyrrhula],06/01/2026 22:54:15
[#233181:Rhinoceros],06/01/2026 22:55:55
[#225650:GIRLS BAND CRY],06/01/2026 22:56:18
[#165713:Purple Dragon],06/01/2026 22:56:45
[#84279:Snowman],06/01/2026 22:59:33
[#197827:United Kingdom (UK)],06/02/2026 10:26:14
[#193387:Hongkong],06/02/2026 10:26:34
[#52721:Otogi spirit agents],06/02/2026 10:26:53
[#165588:Cuadradits XIX],06/02/2026 10:27:16
[#139374:Butterflies in the garden 13],06/02/2026 10:27:35
[#214201:Daily Activities],06/02/2026 10:28:04
[#229589:645 Lanodurs Therian Forme],06/02/2026 10:28:26
[#93813:Cad Bane],06/02/2026 10:29:12
[#124370:Genshin Impact],06/02/2026 10:48:50
[#138279:Minion Stuart],06/02/2026 11:03:48
[#239473:MyDesign175],06/02/2026 11:04:11
[#196791:Jerome Klapka Jerome (Writers and poets)],06/02/2026 13:38:56
[#215087:circular pattern],06/02/2026 13:39:17
[#102834:Thyone fusus],06/02/2026 13:42:01
[#114084:New life],06/02/2026 13:43:27
[#225467:An European goldfinch in the field],06/02/2026 15:48:25
[#130909:Roses],06/02/2026 15:48:41
[#241217:Spiderman vs Sandman],06/02/2026 15:48:56
[#180827:Cat],06/02/2026 15:49:23
[#238766:Mardi Gras Beads],06/02/2026 15:49:40
[#182361:The Five Star Stories],06/02/2026 15:49:56
[#159427:Halloween colors pattern],06/02/2026 15:50:16
[#207059:022 Fearow],06/02/2026 17:10:23
[#184504:old lady snake charmer],06/02/2026 17:10:43
[#57385:Dragon],06/02/2026 17:11:01
[#144492:Butterflies in the garden 19],06/02/2026 17:11:20
[#179121:Lifecircle],06/02/2026 19:10:38
"[#124727:""Angel of the Nativity"" (Cameron)]",06/02/2026 19:11:26
[#177703:pirogom-006],06/02/2026 19:11:48
[#232992:District 11 (The Hunger Games)],06/02/2026 19:12:04
[#207206:Tarja Soile Susanna Turunen Cabuli],06/02/2026 19:12:24
[#169035:Electrifying wolf],06/02/2026 19:12:52
[#150379:Purple Dragon],06/02/2026 19:13:17
[#122206:Second Death Star],06/02/2026 19:13:43
[#225997:MyDesign81],06/02/2026 21:32:53
[#177779:Nia 3],06/02/2026 21:34:00
[#190828:Cosmonaut],06/02/2026 21:34:54
[#141883:Shamrock],06/02/2026 21:35:42
[#243091:MyDesign194],06/02/2026 21:36:38
[#194174:The German bureaucracy],06/02/2026 21:37:23
[#208093:Jojo's Bizarre Adventure - Star Platinum],06/02/2026 21:38:12
[#115605:Eurovision Song Contest 2021 countries],06/02/2026 22:08:46
[#194068:Johann Sebastian Bach],06/02/2026 22:09:16
[#214793:Folk art 103: Indonesia],06/02/2026 22:09:55
[#196383:ONE PIECE - NIKA LUFFY],06/03/2026 00:09:04
[#176305:Asta],06/03/2026 00:09:19
[#46444:Alice in Wonderland],06/03/2026 00:09:38
[#152087:+++Squares 48],06/03/2026 00:09:55
[#210009:Santa Claus Mask (Horror)],06/03/2026 00:10:20
[#86766:Mad Max],06/03/2026 00:10:39
[#202904:Passer domesticus],06/03/2026 00:11:06
[#63586:Mosaic],06/03/2026 08:57:40
[#71911:Meconopsis],06/03/2026 08:58:03
[#228866:Shipyard Orc (Warcraft II)],06/03/2026 08:58:30
[#165418:Squares CXCVII],06/03/2026 08:58:53
[#167840:Kitten],06/03/2026 08:59:13
[#224248:Asteroidea],06/03/2026 08:59:30
[#224444:MyDesign60],06/03/2026 08:59:48
[#229212:Intersection],06/03/2026 09:00:08
[#176368:Enjoying the sunset],06/03/2026 13:45:54
[#186596:One-eyed demon riding a headless horse],06/03/2026 13:46:15
[#226762:Dream Pattern - XV],06/03/2026 13:46:32
[#221108:144 - Articuno],06/03/2026 13:46:51
[#220117:Saibaiman face],06/03/2026 17:56:50
[#232432:Athamanthia athamantis],06/03/2026 17:57:13
[#233790:Peonies],06/03/2026 17:57:36
[#152828:+++Squares 70],06/03/2026 17:58:02
[#232904:Sigma Overwatch],06/03/2026 17:58:21
[#42294:Rooster],06/03/2026 17:58:43
[#238819:MyDesign169],06/03/2026 17:59:08
[#242727:Tape and Shapes (2)],06/03/2026 19:27:27
[#155775:EraseMeNot 002],06/03/2026 19:27:45
[#87364:The Silence of the Lambs],06/03/2026 19:28:05
[#210956:Erithacus rubecula],06/03/2026 19:28:23
[#242838:Tape and Shapes (5)],06/03/2026 19:28:42
[#175032:Neopets - Krawk Island],06/03/2026 20:25:42
[#181995:David Bowie],06/03/2026 20:26:21
[#185480:Dragon II],06/03/2026 20:26:53
[#145495:Animal],06/03/2026 20:27:18
[#190199:Cube party],06/03/2026 20:27:45
"[#232771:District 1 ""hunger games""]",06/03/2026 20:28:09
[#200057:Only Fools & Horses],06/03/2026 20:28:33
[#202903:Parus major],06/03/2026 20:29:00
[#53093:Waffle],06/03/2026 20:29:47
[#242276:Brain of Cthulhu],06/03/2026 20:30:38
[#244393:MyDesign209],06/03/2026 20:31:35
[#68863:Eeveelutions],06/03/2026 20:32:18
[#157876:Squares XXXI],06/03/2026 23:56:03
[#236826:Charlie and Chocolate Factory],06/03/2026 23:56:55
[#244365:Iablon'ka],06/03/2026 23:57:12
[#190782:Dog],06/03/2026 23:57:29
[#208721:Different things 80x80],06/03/2026 23:57:46
"[#154187:""Study after manner of Francia""(Cameron)]",06/03/2026 23:58:06
[#147168:Animal],06/03/2026 23:58:35
[#143276:French Bulldog],06/03/2026 23:58:51
[#196577:Neon],06/04/2026 00:52:18
[#242967:Pretty Pattern 2],06/04/2026 00:52:51
[#190423:Governor],06/04/2026 08:59:00
[#227651:Blacksmith Orc (Warcraft II)],06/04/2026 08:59:27
[#127801:The space],06/04/2026 08:59:47
[#244280:Touhou Mystia's Izakaya],06/04/2026 09:00:04
[#199567:To give recent news to all i know],06/04/2026 09:00:21
[#192513:Wonder woman(bimbo],06/04/2026 09:00:43
[#88234:The Joker],06/04/2026 09:01:01
[#186259:Doraemon],06/04/2026 09:01:21
[#235788:MyDesign157],06/04/2026 11:43:36
[#39061:Chess],06/04/2026 11:43:57
[#92342:Tower],06/04/2026 11:44:15
[#193755:Horse 2],06/04/2026 11:44:33
[#130712:Yoshijage Kira Jojo4],06/04/2026 11:44:56
[#243913:Tripi Tropi],06/04/2026 11:45:17
[#184991:Pikachu],06/04/2026 13:04:09
[#211345:Nymphicus hollandicus],06/04/2026 13:04:26
[#25722:PotC - Elizabeth Swann],06/04/2026 13:04:46
[#202195:Jojo's Bizarre Adventure - Jotaro Cujoh],06/04/2026 16:40:43
[#238099:MyDesign166],06/04/2026 16:41:01
[#8408:Garden Cat Murchik],06/04/2026 16:41:21
[#181202:mermaid],06/04/2026 16:41:43
[#212116:Green Beans],06/04/2026 16:42:13
[#188553:Cat],06/04/2026 16:42:41
[#30791:Taurus Zodiac],06/04/2026 16:43:10
[#182198:Star 3],06/04/2026 16:43:51
[#191559:Eurasian spoonbill],06/04/2026 17:14:18
[#11866:Ren & stimpy],06/04/2026 21:00:40
[#141553:Village],06/04/2026 21:01:00
"[#53469:Knight""2""]",06/04/2026 21:01:56
[#61873:Bird],06/04/2026 21:02:47
[#189331:Astronaut],06/04/2026 21:03:42
[#210487:Intersection],06/04/2026 21:04:32
[#122734:A-Ram's face],06/04/2026 21:05:23
[#43474:Left and right leg of the forbidden one],06/04/2026 21:06:18
[#239180:Batman: The Dark Knight Rises],06/04/2026 21:38:36
[#242079:Miscellaneous patterns 41],06/04/2026 21:39:02
[#134279:Somebody's eye 4],06/04/2026 21:58:04
[#154226:Colored squares],06/04/2026 21:58:29
[#186054:Folk art 28: European],06/04/2026 21:58:58
[#242729:Tape and Shapes (4)],06/04/2026 21:59:22
[#158149:Wow Blood Death Knight Emblem],06/04/2026 21:59:47
[#198663:Minecraft Story Mode-Wither Storm],06/04/2026 22:00:20
[#32261:Mega Mawile],06/05/2026 02:08:03
[#128017:Flowers],06/05/2026 02:13:09
[#228259:Nausicaa of the Valley of the Wind MANGA],06/05/2026 02:37:31
[#237925:Dinner at the table],06/05/2026 02:37:49
[#182799:Loneliness],06/05/2026 02:41:04
[#103950:Shion],06/05/2026 02:44:08
[#213575:32.VERSAL KNIGHT GUNDAM(SD GUNDAM)],06/05/2026 02:48:37
[#116537:Love is for Everyone],06/05/2026 02:51:26
[#87362:Ferris Bueller],06/05/2026 02:57:48
[#243738:Oribi],06/05/2026 10:23:01
[#229526:644 Zekrom],06/05/2026 10:23:21
[#192411:Jojo's Bizarre Adventur - J.P. Polnareff],06/05/2026 10:23:41
[#173509:Hillbilly killer dead by daylight],06/05/2026 10:24:01
[#211929:Dipodidae],06/05/2026 11:07:29
[#231393:MyDesign126],06/05/2026 11:07:46
[#183100:Animal 20],06/05/2026 11:08:03
[#238946:MyDesign170],06/05/2026 11:08:18
[#178491:Six Degrees of Inner Turbulence],06/05/2026 14:39:02
[#162977:Squares],06/05/2026 14:39:19
[#210359:Tringa erythropus],06/05/2026 15:01:48
[#159827:Phyllium bioculatum],06/05/2026 15:02:02
[#197511:The Last of Us (TV)],06/05/2026 15:02:20
[#182651:poppies],06/05/2026 15:02:35
[#243634:Swell guy],06/05/2026 15:02:55
[#208649:Cornish rex],06/05/2026 15:03:18
[#229845:646 Black Kyurem],06/05/2026 15:03:44
[#242230:East Indiaman],06/05/2026 15:04:12
[#190345:Model ship],06/05/2026 15:04:31
"[#192247:Jojo's Bizarre Adventure - M,Avdol]",06/05/2026 15:32:37
[#119928:World Map],06/05/2026 15:33:05
[#162676:Pferd unterm Baum],06/05/2026 15:33:32
[#219680:Bimbo],06/05/2026 16:24:45
[#211174:Phoenicurus erythronotus],06/05/2026 16:25:14
[#225885:The Witcher],06/05/2026 16:25:42
[#244612:The big snip],06/05/2026 19:22:34
[#96569:Octopus],06/05/2026 19:23:04
[#225394:Viburnum],06/05/2026 19:23:19
[#222033:MyDesign3],06/05/2026 19:23:34
[#61331:Knight 5],06/05/2026 19:25:12
[#118383:Cosmonautics Day April 12],06/05/2026 19:25:36
[#207171:Tiger],06/05/2026 19:25:55
[#14274:Monopoly],06/05/2026 19:46:14
[#225244:GIRLS BAND CRY],06/05/2026 19:46:40
[#138937:Octoling (Splatoon)],06/05/2026 19:47:23
[#41868:Time for a cup of tea],06/05/2026 19:48:08
[#210603:Fratercula corniculata],06/05/2026 19:48:25
[#71413:Summer Day],06/05/2026 21:42:20
[#209052:Toyger],06/05/2026 21:43:11
[#220285:Nautilus],06/05/2026 21:44:34
[#228729:Cowgirl in the desert],06/05/2026 21:46:05
[#165767:Pattern n],06/05/2026 21:46:52
[#185404:Lemon Tree],06/05/2026 21:47:58
[#179686:river demon],06/06/2026 02:01:49
[#163321:Summer Tunes],06/06/2026 02:02:41
[#163335:Dog],06/06/2026 02:03:39
"[#232902:District 6 ""hunger games""]",06/06/2026 02:04:32
[#208156:Wolverine],06/06/2026 02:05:39
[#44808:Girl],06/06/2026 02:06:30
[#201583:Sologeot],06/06/2026 02:07:17
[#200417:cosm or microcosm?],06/06/2026 02:07:57
[#222323:Daisuke (Taurus Mask)],06/06/2026 02:09:01
[#195452:Folk art 45: Romania],06/06/2026 11:13:05
[#157302:Ariadne (Gebaude Baude)],06/06/2026 11:14:01
[#200782:Anubis],06/06/2026 11:15:05
[#190467:Christmas bells],06/06/2026 11:16:12
[#164356:NES],06/06/2026 11:17:43
[#174748:Folk art 15: Thailand],06/06/2026 11:18:41
[#147135:Patterson House CA],06/06/2026 11:19:56
[#177768:Deer licking its friend!],06/06/2026 11:20:21
[#119549:Kurt Cobain],06/06/2026 16:17:50
[#197430:A River Runs Through It],06/06/2026 16:18:37
[#114845:Aiming],06/06/2026 16:20:29
[#212409:Manul],06/06/2026 16:21:28
[#72380:Cat],06/06/2026 16:22:31
[#135889:Irbis],06/06/2026 16:23:40
[#197510:The Last of Us (TV)],06/06/2026 16:25:00
[#190238:Owl],06/06/2026 16:26:03
[#101174:Hong Qi Zhan Jia],06/06/2026 16:26:40
[#240394:MyDesign179],06/06/2026 17:17:12
[#212012:Alouatta],06/06/2026 17:17:53
[#244787:MyDesign214],06/06/2026 20:17:24
[#209898:Intersection],06/06/2026 20:18:07
[#213897:Dune Castle (Sega)],06/06/2026 20:19:27
[#211845:23.Swordsman ZETA GUNDAM(SD GUNDAM)],06/06/2026 20:20:40
[#28810:Jolteon],06/06/2026 20:21:44
[#184571:Squares],06/06/2026 20:23:00
[#209532:Merops apiaster],06/06/2026 20:29:26
[#235339:Cockatoo parrot],06/06/2026 21:03:18
[#243781:Colored Tapes (6)],06/07/2026 00:56:12
[#144725:Bleach],06/07/2026 00:56:29
[#15363:Owl],06/07/2026 00:56:49
[#191764:Folk art 42: Bulgaria],06/07/2026 00:57:08
[#137746:Winter cat],06/07/2026 00:57:28
[#215271:Jayce],06/07/2026 00:57:51
[#237232:MyDesign162],06/07/2026 00:58:09
[#158754:Crow],06/07/2026 00:58:31
[#26636:Geisha],06/07/2026 11:48:35
[#175714:Plague killer dead by daylight],06/07/2026 11:49:24
[#223883:Meriones meridianus],06/07/2026 11:50:18
[#238244:Salem (Eleanor)],06/07/2026 11:51:12
[#152417:Fox profile],06/07/2026 11:52:09
[#194576:Eeyore],06/07/2026 11:53:05
[#215004:Russian riding horse],06/07/2026 11:54:01
[#170457:...And Justice for All - Metallica],06/07/2026 11:55:03
[#165976:Squares 10],06/07/2026 12:00:32
[#227577:Nerine],06/07/2026 12:00:59
[#190913:Flowers],06/07/2026 12:01:23
[#212549:Scrooge McDuck],06/07/2026 15:33:16
[#172186:Mother of the Universe],06/07/2026 15:33:36
[#213614:Hungry Sloth],06/07/2026 15:33:52
"[#153736:""The Whisper of the Muse"" (Cameron)]",06/07/2026 15:34:08
[#217244:Intersection],06/07/2026 15:34:26
[#203951:Tarantula],06/07/2026 15:34:43
[#223885:Acomys minous],06/07/2026 15:35:01
[#197585:Bestiarii 4-3],06/07/2026 15:35:38
[#208872:Punisher - Frank Castle],06/08/2026 00:04:41
[#241827:Chu mghayar fiyi?],06/08/2026 00:04:58
[#186824:Owl],06/08/2026 00:05:14
"[#154188:""Faith"" (Cameron)]",06/08/2026 00:05:30
[#245135:Jay-gantic],06/08/2026 00:05:45
[#244819:Jade of all trades],06/08/2026 00:06:02
[#245117:A Thousand Li of Rivers and Mountains],06/08/2026 00:06:18
[#184757:dog & monkey & pheasant],06/08/2026 00:26:13
[#154517:+++Squares 98],06/08/2026 00:26:38
[#154691:+++Squares 101],06/08/2026 00:27:27
[#181540:+++Squares 169],06/08/2026 00:29:14
[#239042:MyDesign172],06/08/2026 01:27:26
[#162635:I Love The StarDust I Was Made From....],06/08/2026 01:27:43
[#209531:Morus bassanus],06/08/2026 01:28:01
[#143849:Gintoki-Gintama],06/08/2026 10:16:17
[#156160:Monarch],06/08/2026 10:16:32
[#210799:Carlson (The Kid and Carlson)],06/08/2026 10:25:42
[#224539:Liberty plays],06/08/2026 10:25:59
[#137297:Pumpkin mousse],06/08/2026 10:57:09
[#241683:Omakase],06/08/2026 10:57:27
[#60833:Quallen (schwer)],06/08/2026 10:57:59
[#124763:SAD FLOWER],06/08/2026 10:58:22
[#157926:Squares XXXIV],06/08/2026 10:58:54
[#215284:Ava Left],06/08/2026 12:52:55
[#130322:Big catch],06/08/2026 12:53:11
[#140006:Singer],06/08/2026 12:53:27
[#240893:Colours],06/08/2026 12:54:05
[#131899:Obey me],06/08/2026 12:54:20
[#163637:Barn Owl (revisited)],06/08/2026 13:30:55
[#240577:Touhou Mystia's Izakaya],06/08/2026 13:31:11
[#244749:Circulatory System],06/08/2026 13:31:36
[#112994:Color Skull 2.0],06/08/2026 17:11:52
[#240878:1017 - Ogerpon],06/08/2026 17:12:09
[#243081:Power pecker],06/08/2026 17:12:28
[#109532:Creepy Thing - 4.11],06/08/2026 17:12:44
[#167374:George Preved!],06/08/2026 17:12:59
[#229512:Mekong Bobtail],06/08/2026 17:13:23
[#93511:Blue dragon],06/08/2026 17:13:37
[#67259:A cactus],06/08/2026 17:24:42
[#95698:Monarch butterfly],06/08/2026 17:25:09
[#231789:Sephisa princeps],06/08/2026 17:53:13
[#242835:Colored Tapes (3)],06/08/2026 19:03:51
[#238661:Wolverine vs Hulk],06/08/2026 19:04:17
[#188849:Blue pattern],06/08/2026 19:06:57
[#243641:Best Bond],06/08/2026 19:07:24
[#208725:Gameboy],06/08/2026 23:22:37
"[#232942:District 8 ""hunger games""]",06/08/2026 23:23:24
[#224273:Hunter x Hunter - Ponzu],06/08/2026 23:24:30
[#230040:2 in 1 series],06/08/2026 23:25:24
[#181511:Ant],06/08/2026 23:26:12
[#218773:Corners],06/08/2026 23:27:07
[#184945:the god of fishing],06/08/2026 23:27:51
[#214875:Who's in the bottle? 9],06/09/2026 08:56:43
[#225155:Levi],06/09/2026 08:57:06
[#228813:MyDesign107],06/09/2026 08:57:28
[#229173:Opisthocomus hoazin],06/09/2026 08:57:58
[#174525:Mushroom],06/09/2026 08:58:20
[#216809:She hotter with glasses],06/09/2026 08:58:40
[#217320:Nagi],06/09/2026 08:59:12
[#200743:David Draiman - Disturbed],06/09/2026 10:16:56
[#223372:Mushroom Power],06/09/2026 10:17:15
[#92880:Fubuki (One Punch Man)],06/09/2026 10:17:33
[#238168:MyDesign167],06/09/2026 21:05:21
[#153642:RPG],06/09/2026 21:05:38
[#232843:Blue and red pattern 13],06/09/2026 21:06:13
[#243944:MyDesign204],06/09/2026 21:06:31
[#239187:House in the forest],06/09/2026 21:07:11
[#210985:Cersei Lannister],06/09/2026 21:07:53
[#225831:MyDesign79],06/09/2026 21:08:16
[#227910:Intersection],06/09/2026 21:08:54
[#12014:Volcano],06/09/2026 21:57:14
[#180804:One Piece - Monkey D. Luffy gear 5],06/09/2026 21:57:41
[#99065:Ren],06/09/2026 23:34:22
[#228968:Azur Lane_Z23],06/09/2026 23:34:55
[#206163:French Bulldog],06/09/2026 23:35:17
[#208813:2011 - The Thirteenth],06/10/2026 10:12:24
[#222801:MyDesign27],06/10/2026 10:13:25
[#243896:Creepy monster in hell],06/10/2026 10:13:42
[#183243:Avengers],06/10/2026 10:14:00
[#168775:Squares CCXLV],06/10/2026 10:24:52
[#236739:Stranger Things],06/10/2026 14:52:32
[#242633:MyDesign184],06/10/2026 19:27:17
[#72700:Purple mountain majesty],06/10/2026 19:27:39
[#159272:feathered tiger 2],06/10/2026 23:29:42
[#210775:Treron sieboldii],06/10/2026 23:29:59
[#164651:Squares CLXXXVII],06/10/2026 23:30:17
[#242697:miku],06/10/2026 23:30:35
[#159242:Blue Interlacing Rectangles (027)],06/10/2026 23:30:56
[#205967:Mossy Bricks],06/10/2026 23:31:41
[#136926:interesting Paintings],06/10/2026 23:31:59
[#223126:Blue and Rose ripples and scallops (119)],06/10/2026 23:33:04
[#154347:Cat in the garden 40],06/11/2026 08:58:01
[#210779:Eurystomus orientalis],06/11/2026 08:58:30
[#193241:Will],06/11/2026 08:58:54
[#214147:Dungeon of Katana],06/11/2026 08:59:20
[#214148:Dungeon of Katana],06/11/2026 08:59:46
[#220145:Bubble pattern variant 3 game boy theme],06/11/2026 09:00:08
[#225594:545 Scolipede],06/11/2026 09:00:25
[#201537:Asian architecture 3: Korea],06/11/2026 09:00:46
[#178814:Triden],06/11/2026 11:25:36
[#203545:Vladimir Semenovich Vysotskii],06/11/2026 11:39:39
[#215728:Intricate Pattern - Pisces (Color)],06/11/2026 11:40:02
[#46763:Window to my soul],06/11/2026 11:40:19
[#109229:Creepy Thing - 3.8],06/11/2026 11:40:39
[#241833:Mushrooms or not 15],06/11/2026 12:07:08
[#182052:Abstract 3],06/11/2026 12:07:28
[#239474:MyDesign176],06/11/2026 12:07:47
[#184545:kiana kaslana],06/11/2026 16:25:52
[#74017:Zantedeschia],06/11/2026 16:26:11
[#213674:Cocoa and a book in a maple leaf],06/11/2026 16:26:31
[#227572:Bouvardia],06/11/2026 16:26:52
[#228568:628 Braviary],06/11/2026 19:26:53
[#109524:Creepy Thing - 4.3],06/11/2026 19:28:43
[#161164:Neo Rainbow Road],06/11/2026 19:29:03
[#228777:Mergus octosetaceus],06/12/2026 00:11:39
[#101178:Tom and Jerry],06/12/2026 00:11:57
[#227981:MyDesign102],06/12/2026 00:12:14
[#163872:Highland cow],06/12/2026 00:13:03
[#213313:389 - Torterra],06/12/2026 00:13:29
[#234945:Deltote bankiana],06/12/2026 00:13:53
[#171694:rainbow],06/12/2026 00:14:16
[#221969:MyDesign1],06/12/2026 00:14:47
[#221989:Top view series],06/12/2026 00:43:13
[#233847:Golden pattern 2],06/12/2026 00:43:39
[#213307:Santa 01],06/12/2026 00:44:08
[#98448:Hot Fudge Sundae],06/12/2026 09:28:34
[#118297:Geometric shapes - Green Pink & Blue],06/12/2026 10:24:04
[#101252:Hajime Hinata and his orange juice :)],06/12/2026 10:40:45
[#193286:Mandala Cat],06/12/2026 10:41:06
[#94727:Sims icon],06/12/2026 11:16:45
[#207143:Mushrooms 5],06/12/2026 11:17:12
[#138590:Unusual beast],06/12/2026 11:18:03
[#205393:Nonograms Katana],06/12/2026 11:18:30
[#113532:Patterns],06/12/2026 13:30:11
[#36578:Cosmonaut],06/12/2026 13:30:30
[#149025:Shinobu],06/12/2026 13:30:50
[#242728:Tape and Shapes (3)],06/12/2026 13:31:29
[#42615:Beeot],06/12/2026 13:57:10
[#162111:Vintage holiday ornaments],06/12/2026 13:57:44
[#47965:a Kiss],06/12/2026 13:58:10
[#233812:Golden pattern 1],06/12/2026 14:04:24
[#240465:A date of owls in love],06/12/2026 15:39:34
[#21970:Zodiac Signs],06/12/2026 15:39:53
[#116588:Stargazer Carnation],06/12/2026 15:40:12
[#149554:Sniper Mask],06/12/2026 15:40:32
[#86157:Pokemon Wallpaper],06/12/2026 15:41:12
[#241859:1003 - Ting-Lu],06/12/2026 18:42:38
[#191781:Pokemon Fusion],06/12/2026 18:42:57
[#61847:Majestic Eagle],06/12/2026 18:43:20
[#162307:gintoki-gintama],06/12/2026 19:15:08
[#179642:Romeo and Juliet],06/12/2026 19:15:28
[#218882:Tulips],06/12/2026 19:15:46
[#185294:the goddess of arts],06/12/2026 19:16:21
[#172317:ONE PIECE - Zoro & Sanji],06/13/2026 00:37:53
[#206039:Helldiver],06/13/2026 00:38:20
[#63612:Mazes! - BrainMeltor (Sangria)],06/13/2026 00:38:45
[#207299:Rose],06/13/2026 00:39:05
[#80621:One piece],06/13/2026 00:51:39
[#229508:642 Thundurus Therian Forme],06/13/2026 00:52:26
[#238957:MyDesign171],06/13/2026 00:52:50
[#243232:kitsune],06/13/2026 11:12:41
[#141603:Sloth],06/13/2026 11:13:01
[#175878:Woven Together 10],06/13/2026 11:15:16
[#157946:Dark Disco],06/13/2026 11:16:05
[#205033:Confetti Flowers],06/13/2026 11:16:34
[#220868:Daisies],06/13/2026 11:17:00
[#236965:MyDesign161],06/13/2026 11:18:52
[#206824:Pattern],06/13/2026 11:19:22
[#187784:Easy 60 MP puzzles list in the comments],06/13/2026 14:34:00
[#245545:School bug],06/13/2026 14:35:22
[#245375:Hatsune Miku],06/13/2026 14:36:14
[#199387:Hounine],06/13/2026 14:37:30
[#113438:Stranger Things],06/13/2026 15:05:09
[#207652:Siskin],06/13/2026 15:05:47
[#242934:MyDesign190],06/13/2026 15:06:16
[#155983:Beatrice],06/13/2026 15:06:52
[#222850:Blessing of the Grail (Ryota)],06/13/2026 15:07:24
[#214416:Dungeon of Katana],06/14/2026 00:57:13
[#170749:Pattern],06/14/2026 00:57:32
[#181252:QUEEN'SBLADE],06/14/2026 00:57:53
[#148191:T-rex],06/14/2026 00:58:12
[#189096:79 Pyra (SSBU)],06/14/2026 10:01:48
[#238408:Biker],06/14/2026 10:02:21
[#85047:Rabbit 7],06/14/2026 10:02:43
[#191992:Tony Montana - Scarface],06/14/2026 10:03:02
[#194803:Colorful Heart],06/14/2026 10:03:20
[#183291:11 Captain Falcon (SSBU)],06/14/2026 10:03:40
[#76486:Highland Cattle],06/15/2026 01:10:04
[#55788:Vocaloid],06/15/2026 01:10:29
[#89821:chameleon],06/15/2026 01:10:52
[#170792:Earth and moon],06/15/2026 10:27:09
[#172316:Rainy Day],06/15/2026 10:27:30
[#185658:the god of warriors],06/15/2026 10:37:28
[#197940:my shoe from AliExpress],06/15/2026 10:54:10
[#213725:Oldenburg horse],06/15/2026 10:54:41
[#243130:MyDesign195],06/15/2026 10:55:09
[#104240:Mecha - 09a],06/15/2026 13:40:28
[#149856:Butterfly 9],06/15/2026 15:17:57
"[#232645:Capital ""hunger games""]",06/15/2026 22:07:28
[#213849:House plants],06/15/2026 23:59:38
[#218852:Hogwarts Crest],06/16/2026 11:11:08
[#211086:Cat. Frenzy],06/16/2026 11:16:45
[#211484:Certhia brachydactyla],06/16/2026 11:17:57
[#179429:Mellon Collie and the Infinite Sadness],06/16/2026 11:40:46
[#218540:Storehouse],06/16/2026 11:41:13
[#185586:Ivy],06/16/2026 11:41:48
[#198055:250 - Ho-oh],06/16/2026 13:57:23
[#167670:O for Octopus],06/16/2026 13:58:16
[#236171:Dinosaur skull],06/16/2026 13:58:34
[#211264:16.Sorcerer MESSALA(SD GUNDAM)],06/16/2026 14:23:44
[#225076:MyDesign66],06/16/2026 14:24:00
[#95183:Delicious Pizza],06/16/2026 14:24:16
[#201538:Asian architecture 4: Japan],06/16/2026 14:25:26
[#191411:Flowers],06/16/2026 14:25:57
[#140948:Mushrooms or not 10],06/16/2026 18:50:22
[#226352:484 Palkia],06/16/2026 18:50:40
[#147276:green eye],06/16/2026 18:50:58
[#170153:Squares for Sara 3],06/16/2026 18:51:20
[#189025:Puddle Jumper],06/16/2026 18:51:39
[#242946:MyDesign191],06/16/2026 18:52:11
[#231703:Araschnia levana],06/16/2026 18:52:27
[#104238:Mecha - 07a],06/16/2026 18:52:45
[#217389:Iguana],06/16/2026 18:58:33
[#147204:Movie],06/16/2026 21:22:54
[#223146:My digital watch],06/17/2026 00:45:11
[#222180:My First Mug Shot],06/17/2026 00:45:27
[#189776:The One Ring],06/17/2026 00:45:45
[#222382:Town Hall],06/17/2026 00:46:15
[#208879:Pokemon],06/17/2026 00:46:33
[#103705:Bonsai],06/17/2026 00:46:50
[#239322:MyDesign174],06/17/2026 01:45:53
[#168028:Squares CCXXXIV],06/17/2026 01:46:11
[#49140:Little Red Riding Hood],06/17/2026 01:46:29
[#205996:For all the comments],06/17/2026 02:12:07
[#191596:Quaders],06/17/2026 12:01:35
[#173521:Marinette Dupain-Cheng],06/17/2026 12:03:19
[#208821:Intersection],06/17/2026 12:04:32
[#188125:Project Sekai],06/17/2026 12:04:50
[#184250:acrobatic raccoon],06/17/2026 16:43:33
[#231073:MyDesign120],06/17/2026 18:49:06
[#143243:Pac-Man],06/17/2026 18:49:33
[#155812:S3E10 Find the balance (Adventure)],06/17/2026 21:24:19
[#237090:Train Tunnel],06/18/2026 17:30:35
[#215156:twisted rectangles 2],06/19/2026 01:12:22
[#146689:Rai Hino],06/19/2026 01:13:00
[#109426:The Umbrella Academy],06/19/2026 01:49:53
[#245822:Fluorescent colored patterns 45],06/19/2026 13:18:59
[#118928:ONE PIECE TRAFALGAR-LAW],06/20/2026 00:44:36
[#181734:dragon chinois affam],06/20/2026 00:49:21
[#31379:Clown],06/20/2026 15:15:19
[#242760:MyDesign186],06/20/2026 15:16:09
[#225807:Troll Lumber Mill (Warcraft II)],06/20/2026 15:17:02
[#128459:Kitten],06/20/2026 23:17:39
[#196573:Intersection],06/22/2026 17:01:34
[#237326:Colours and shapes],06/24/2026 02:15:10
[#195912:Humming Bird],06/24/2026 10:26:53
[#213098:battleship (yamato)],06/25/2026 23:46:18
[#226929:MyDesign93],06/25/2026 23:46:42
[#178777:M],06/25/2026 23:47:04
[#227165:Selasphorus rufus],06/25/2026 23:47:33
[#150413:+++Squares 11],06/25/2026 23:50:40
[#216212:Benfica],06/26/2026 01:10:16
[#167612:Mom],06/26/2026 01:10:40
[#87363:The Mask],06/26/2026 01:11:05
[#238626:Terminator 2: Judgment Day],07/04/2026 19:21:33
[#241537:1007 - Koraidon],07/04/2026 19:22:02
[#243985:inner beauty],07/04/2026 19:22:23
[#243253:One-man firing squid],07/04/2026 19:22:42
[#189014:66 Simon (SSBU)],07/04/2026 19:23:01
[#243051:Scourge Ossein],07/04/2026 19:23:26
[#220844:Vineyard],07/04/2026 19:23:44
[#239188:Slot-machine],07/04/2026 19:24:15
[#166558:A lot of Skulls],07/04/2026 19:24:57
[#172844:Castle],07/04/2026 19:27:57
"[#203202:sick, twisted, demented]",07/04/2026 20:42:20
[#246231:Easy pictures],07/04/2026 20:44:16
[#245543:Preying for overtime],07/04/2026 20:45:45
[#245979:Red alert],07/04/2026 20:46:17
[#209022:Harley Davidson],07/05/2026 00:06:38
[#245246:Nonograms Katana],07/05/2026 01:51:47
[#246389:Golden river],07/05/2026 01:53:19
[#246215:Major Tomcat],07/05/2026 01:53:50
[#210598:Tringa glareola],07/05/2026 01:54:30
[#246405:Easy pictures 2],07/05/2026 02:12:00
[#245409:Blend it like Beckham],07/05/2026 02:12:33
[#245249:Nonograms Katana],07/05/2026 02:13:06
[#246555:On vacation],07/05/2026 02:13:58
[#194047:Independence Palace],07/05/2026 02:14:15
[#194397:Artixys],07/05/2026 02:14:51
[#147209:Heath Ledger - Joker],07/05/2026 02:15:15
[#214314:Noxious Smog],07/05/2026 02:15:37
[#203201:Squids],07/05/2026 02:16:22
[#141983:mangnaniPD aidolro salanamgi(seohoyun)],07/05/2026 02:16:45
[#168431:Mosaic 9],07/05/2026 02:20:34
[#230539:Marine Pit Worm],07/05/2026 11:09:24
[#82993:Aussie-Dex - 3 - Bankseed],07/05/2026 11:10:45
[#236792:Charlie and Chocolate Factory],07/05/2026 11:12:46
[#45920:Hulkbuster Suit],07/05/2026 11:13:44
[#242343:G - grapes],07/05/2026 11:14:58
"[#220478:Gold, green brown knots and weaving (109]",07/05/2026 11:16:20
[#220966:Ferris wheel],07/05/2026 11:18:45
[#238878:Bouquet of Flowers],07/05/2026 11:19:39
[#76379:4 in one],07/05/2026 11:20:25
[#229181:Ocicat],07/05/2026 11:43:43
[#197226:Ivy],07/05/2026 11:44:13
[#217548:pattern9 metallic (Ballz 2)],07/05/2026 11:44:43
[#199106:Karmila and Laura],07/05/2026 11:45:15
[#208469:Different things 80x80],07/05/2026 11:45:49
[#173296:Looking at sunset],07/05/2026 11:46:25
[#213690:Zodiac],07/05/2026 11:46:54
[#122085:Dream of fishing],07/05/2026 11:47:23
[#163786:Bird in a tree],07/05/2026 11:47:52
[#98361:Ray(cut)(Contra:Hard-Corps)],07/05/2026 11:48:18
[#221373:La Noche de Medusa],07/05/2026 11:50:04
[#229297:Prionailurus bengalensis],07/05/2026 11:50:37
[#88707:Chain],07/05/2026 11:51:27
[#41771:Dark Skull],07/05/2026 15:06:09
[#136573:Love message],07/05/2026 15:06:31
[#173457:Tiger],07/05/2026 15:07:17
[#210581:Raving Storm],07/05/2026 15:07:35
[#216008:Infested Slime],07/05/2026 15:07:55
[#230298:Accursed Pit Worm],07/05/2026 15:08:19
[#141630:Regal Angelfish],07/05/2026 16:46:50
[#233531:Kiss Print],07/05/2026 16:47:13
[#113574:Tiger],07/05/2026 16:47:35
[#91499:Ikki Armor face],07/05/2026 16:48:00
[#191838:Butterflies from another world],07/05/2026 16:48:19
[#80217:Bestia (Patrulla X)],07/05/2026 16:49:14
[#199146:dendrobium],07/05/2026 16:49:36
[#230437:SuperSketch Turner (comix zone)],07/05/2026 17:04:27
[#112633:Dark Star Orianna],07/05/2026 17:04:58
[#210522:Columba oenas],07/05/2026 17:05:36
[#145882:Symbol PT],07/05/2026 17:06:34
[#199123:Kid the phantom theif],07/05/2026 17:07:53
[#96262:Mooby],07/05/2026 20:09:23
[#191457:Glaking],07/05/2026 20:09:46
[#207695:Unguided Judge],07/05/2026 20:10:07
[#230782:Pit Worm Harbinger],07/05/2026 20:10:26
[#89356:Clown (Spawn)],07/05/2026 20:10:44
[#142230:Dalmatian],07/05/2026 20:11:03
[#215139:St. Anger Metallica],07/05/2026 20:11:22
[#215900:Plague Doctor],07/05/2026 20:11:39
[#141767:House in the village],07/05/2026 20:11:58
[#27773:Flower Basket],07/05/2026 21:19:53
[#209781:Falco rusticolus],07/05/2026 21:20:18
[#227573:Gypsophila],07/05/2026 21:27:45
[#232504:Genshin Impact],07/05/2026 21:28:17
[#164220:Pattern OO141],07/05/2026 21:28:59
[#240466:Rueppell's parrot],07/05/2026 21:30:08
[#42369:House for birds],07/06/2026 00:41:42
[#204031:Ho Chi Minh],07/06/2026 00:42:09
[#156396:Story of a pirate 9],07/06/2026 00:42:43
[#204443:Volatile Wolpertinger],07/06/2026 00:43:20
[#221872:Neon Stag],07/06/2026 00:43:55
[#57372:Daisy in the meadow],07/06/2026 00:44:39
[#60614:Nonograms Katana],07/06/2026 00:45:16
"[#87217:CHUNITHM""Makino Moco""]",07/06/2026 01:10:21
[#218042:Mizutsune (Monster Hunter)],07/06/2026 01:10:57
[#238298:Paella],07/06/2026 01:11:31
[#239619:Dragon],07/06/2026 01:12:47
[#104295:Michael Myers],07/06/2026 01:13:35
[#238625:Robocop],07/06/2026 01:15:10
[#205907:Decaying Vulpes],07/06/2026 09:44:20
[#170619:Phoenix],07/06/2026 09:44:42
[#220374:Amorphous Shambler],07/06/2026 09:45:04
[#234097:African grey parrot],07/06/2026 09:45:27
[#214934:Bimbo],07/06/2026 09:45:48
[#92743:Gohan],07/06/2026 09:46:11
[#221439:Glacenx],07/06/2026 09:46:33
[#79112:Mermaid 2.0],07/06/2026 09:46:59
[#182075:Elegant lady],07/06/2026 10:03:34
"[#86706:CHUNITHM""Astraea""]",07/06/2026 10:04:08
[#179770:Reflection in puddle],07/06/2026 10:04:36
[#206593:Snow leopard],07/06/2026 10:05:12
[#209544:Daughters of Belona 7],07/06/2026 10:05:59
[#37411:Heather],07/06/2026 10:06:33
[#104376:James Hetfield],07/06/2026 10:06:54
[#181900:dragon],07/06/2026 10:22:59
[#206032:Skyward Vulpes],07/06/2026 12:59:23
[#214512:Smog Lord],07/06/2026 12:59:49
[#185795:Flowers],07/06/2026 13:00:16
[#181021:Star 6],07/06/2026 13:00:45
[#174128:Georgin],07/06/2026 13:01:05
[#211460:Hoya flower],07/06/2026 13:01:25
[#139394:Church3],07/06/2026 13:01:44
[#61834:SUDOKU],07/06/2026 13:02:04
[#220782:Magnificus Sanctus],07/06/2026 13:21:28
[#190301:Huskies],07/06/2026 13:21:46
[#41169:Hoopods],07/06/2026 18:07:43
[#132065:Empty in head],07/06/2026 18:08:04
[#220181:Glavenus (Monster Hunter)],07/06/2026 18:08:53
[#30919:Glorious Knight],07/06/2026 18:09:19
[#58618:Tigerlily],07/06/2026 18:09:45
[#177687:Line drawing - Elegant],07/06/2026 18:10:06
"[#108621:Mimi the cat, in my lap]",07/06/2026 18:10:26
[#70304:Orange Pompom Dahlia],07/06/2026 18:10:46
[#194358:Woman 12],07/06/2026 18:11:11
[#193102:Bimbo 6],07/06/2026 19:17:39
[#217408:Owl],07/06/2026 19:18:04
"[#229933:""Cupid"" (Cameron)]",07/06/2026 19:18:39
[#143185:Sudoku figura],07/06/2026 21:17:45
[#135929:Over the horizon],07/06/2026 21:20:24
[#245448:Bee-hemoth lift],07/06/2026 21:20:50
[#215279:geometric pattern 2],07/06/2026 21:21:46
[#181940:SIRANUI(Okami)],07/06/2026 21:22:39
[#165857:Welcome 2023],07/06/2026 21:24:02
[#167228:Portrait002 - Adam],07/06/2026 21:24:28
[#148762:Eurovision Song Contest 2022 countries],07/06/2026 21:25:40
[#208450:Rubber Soul - The Beatles],07/07/2026 01:08:31
[#113097:Lace(Silksong)],07/07/2026 01:08:55
[#243861:983 - Kingambit],07/07/2026 01:09:17
[#187316:56 Robin (SSBU)],07/07/2026 01:09:51
[#237638:MyDesign165],07/07/2026 01:10:47
[#142376:Chihuahua],07/07/2026 01:11:06
[#213528:Leigh Leopards],07/07/2026 01:11:37
[#210446:Calidris alba],07/07/2026 01:29:45
[#223487:MyDesign47],07/07/2026 01:30:04
[#240163:Rose and butterfly],07/07/2026 01:30:35
[#223827:Fire priest],07/07/2026 07:08:49
[#200825:marcotte],07/07/2026 07:09:40
[#222446:Plague Reaper],07/07/2026 07:13:22
[#50420:Rainbow dragon],07/07/2026 07:17:32
[#177008:6 Gigantamax Charizard],07/07/2026 07:18:22
[#218175:Chto 34],07/07/2026 10:42:41
[#103453:Miu Iruma],07/07/2026 10:43:05
[#220320:Kaito Seraph],07/07/2026 10:43:32
[#196840:Zekcuno],07/07/2026 10:43:53
[#197313:flowering shrub],07/07/2026 10:45:23
[#228520:Tiger Family],07/07/2026 10:45:56
[#204305:Some like it others don't],07/07/2026 10:46:23
[#200639:Wyvern Airslayer],07/07/2026 10:46:59
[#165459:Leaf],07/07/2026 10:47:31
[#131812:Moana Kakamora],07/07/2026 16:18:02
[#95703:Girl with blue eyes],07/07/2026 16:18:27
[#189194:Flowers],07/07/2026 16:18:47
[#127306:Roses],07/07/2026 16:19:09
[#194949:High heel 1],07/07/2026 16:19:29
[#224920:withering purpurbloom],07/07/2026 16:19:49
[#143075:Maze],07/07/2026 16:20:11
[#145108:Dragon],07/07/2026 16:38:09
[#100443:Long is the road],07/07/2026 16:38:44
[#158515:Geralt of Rivia],07/07/2026 16:39:12
[#190911:Flowers],07/07/2026 16:39:43
[#204504:Monarch Waystation at Gardenside Park],07/07/2026 16:40:15
[#209739:Buteo hemilasius],07/07/2026 16:40:48
[#210774:Syrrhaptes paradoxus],07/07/2026 16:41:23
[#227007:567 Archeops],07/07/2026 16:41:48
[#106417:Stibnite],07/07/2026 17:08:47
[#132689:The villain],07/07/2026 17:09:23
[#144175:Tree mosaic],07/07/2026 17:09:55
[#33546:Rayquaza],07/07/2026 17:10:27
[#159606:Toppled Goblet],07/07/2026 17:11:07
[#224299:Nausicaa of the Valley of the Wind MANGA],07/07/2026 17:11:27
"[#213940:Dan dadan - ""MOMO"" Ayase]",07/07/2026 19:17:23
[#212686:Psihichnii rozlad],07/07/2026 19:17:53
[#152219: Doppo Kunikida],07/07/2026 19:18:37
[#215230:Pestilence Crafter],07/07/2026 19:19:18
[#225151:Industrias Sanctus],07/07/2026 19:20:01
[#169509:Magnolia],07/07/2026 19:20:21
[#109518:Creepy Thing - 3.14],07/07/2026 19:20:50
[#203439:Docile Wolpertinger],07/07/2026 22:17:41
[#127563:Giraffe family],07/07/2026 22:38:35
[#220373:Vanelin Seraph],07/07/2026 22:38:57
[#79790:Farmcat Mysan],07/07/2026 22:39:20
[#46143:Getafix & The Magic Potion],07/07/2026 22:39:44
[#208575:The Philosophers Gone H],07/07/2026 22:40:04
[#215001:Pretty Bimbo],07/07/2026 22:40:52
"[#118602:Unicorn Gundam Unit 3 ""Phenex""]",07/07/2026 22:41:33
[#233584:Maximalist 125 - Dancing Dryads],07/07/2026 22:42:11
[#183672:Peaceful moment],07/07/2026 22:43:06
[#222479:Yep.],07/07/2026 23:24:27
[#213372:Fyodor Dostoevsky],07/07/2026 23:24:56
[#220916:Astalos (Monster Hunter)],07/07/2026 23:25:18
[#177775:Hikari],07/08/2026 01:44:03
[#183550:Pantera negra],07/08/2026 01:44:24
[#214968:Nargacuga (Monster Hunter)],07/08/2026 01:44:47
[#134923:Mushrooms or not 4],07/08/2026 01:45:07
[#203609:Skuns],07/08/2026 01:45:35
[#115378:Hornet (Hollow Knight : Silksong)],07/08/2026 01:46:01
[#198657:Prohibited Book 2 Cover],07/08/2026 01:46:21
[#194955:ATLA 4 Nations],07/08/2026 01:46:43
[#227619:Koala],07/08/2026 08:59:04
[#59136:Pokemon],07/08/2026 08:59:49
[#179958:Sumerian King],07/08/2026 09:00:31
[#115337:Final Fantasy VII: Sephiroth],07/08/2026 09:00:50
[#33551:Shiny Ho-Oh],07/08/2026 09:01:12
[#215138:Red car of the Neverhood],07/08/2026 09:01:34
[#202503:Dragon Witch (Dragons)],07/08/2026 09:01:55
[#152826:A Moon Shaped Pool - Radiohead],07/08/2026 09:02:17
[#223834:Priest of Light],07/08/2026 09:02:46
[#101162:Dong Huang Bao Jia],07/08/2026 14:13:25
[#221269:Nadin Rift Dancer],07/08/2026 14:13:43
[#227110:Squirrel],07/08/2026 14:14:09
[#197727:Dustios],07/08/2026 14:15:25
[#159202:Containment Breach],07/08/2026 14:15:49
[#178248:Silver Surfer NES],07/08/2026 14:16:13
[#233765:For the honour of Gismund (11.11.2025)],07/08/2026 14:16:36
[#242035:Grant acedrex],07/08/2026 14:17:01
[#102027:Junko Enoshima],07/08/2026 19:13:19
[#208470:Messy sketch],07/08/2026 19:42:28
[#41146:Egypt],07/08/2026 19:42:51
[#128615:On a wire],07/08/2026 19:43:14
[#199471:Nemo Mettler],07/08/2026 19:44:13
[#207925:grown],07/08/2026 19:44:44
[#239186:African wild dog],07/08/2026 19:45:06
[#238300:Marie (KIM)],07/08/2026 19:45:40
[#184136:28E Dark Pit (SSBU)],07/08/2026 19:53:15
[#209842:Milvus milvus],07/08/2026 19:55:13
[#180805:AMATERAS(Okami)],07/08/2026 19:55:51
[#185018:Star 8],07/08/2026 19:56:30
[#93584:Colorful pony],07/08/2026 19:57:01
[#200803:2011 - A Million Questions 2],07/08/2026 19:57:48
[#82198:Hyena Trio Lion King],07/08/2026 21:30:18
[#85044:Rabbit 4],07/08/2026 21:30:50
[#223264:Darkwing Duck],07/08/2026 21:31:22
[#207616:Tiger],07/08/2026 21:32:05
[#222459:Tom and Jerry],07/08/2026 21:32:48
[#191387:OMMM 2],07/08/2026 21:33:30
[#98496:A Strange Machine !],07/08/2026 21:33:50
[#197851:Rainy day toad],07/08/2026 21:34:31
[#209220:Finch],07/08/2026 21:35:11
[#92001:Book - Plants],07/08/2026 21:35:31
[#158618:Cyanocitta cristata],07/08/2026 21:35:52
[#222962:Raven Batmaster],07/08/2026 21:42:05
[#186109:Oriole],07/09/2026 00:29:55
[#202908:Turdus pilaris],07/09/2026 00:30:17
[#79154:Athena],07/09/2026 00:30:46
[#230769:Pit Worm Gladiator],07/09/2026 00:31:08
[#237489:Swag],07/09/2026 00:31:30
[#92161:Happy Victory!],07/09/2026 00:31:51
[#208874:Punisher - Frank Castle],07/09/2026 00:32:21
[#186066:Snowscape],07/09/2026 00:32:43
[#162933:Pit Lord],07/09/2026 00:33:18
[#228417:The Great Wave off Kanagawa],07/09/2026 00:33:39
[#182391:nine tails],07/09/2026 00:34:26
[#98359:Sheena(cut)(Contra:Hard-Corps)],07/09/2026 01:02:52
[#99815:The 9th Age],07/09/2026 01:03:32
"[#125870:Belarusian emblem ""Pahonia""]",07/09/2026 08:57:39
[#25333:Dialga],07/09/2026 08:57:59
[#80952:Toxic zebra],07/09/2026 08:58:22
[#225484:Deep Sea Fish (Of Light)],07/09/2026 08:58:43
[#210188:Blizzard],07/09/2026 08:59:34
[#114333:Tawny Owl],07/09/2026 09:00:01
[#224220:MyDesign59],07/09/2026 09:00:21
[#229558:Sokoke],07/09/2026 09:00:44
[#43486:Blazing sun],07/09/2026 13:26:52
[#242322:MyDesign181],07/09/2026 13:27:23
[#242336:MyDesign182],07/09/2026 13:28:07
[#241606:Jasmine],07/09/2026 13:28:37
[#154461:Rose],07/09/2026 13:29:04
[#114832:Swans],07/09/2026 13:29:29
[#176422:Etoile],07/09/2026 13:30:39
[#190781:Tiger],07/09/2026 13:31:15
[#221649:Raccoon],07/09/2026 13:38:02
[#209543:Upupa epops],07/09/2026 18:00:01
[#214701:Brim Smith],07/09/2026 18:00:22
[#91493:the most difficult maze],07/09/2026 18:00:43
[#58252:Tarot - AEther Realm],07/09/2026 18:01:06
[#147453:Paper Games: Hangman],07/09/2026 18:01:32
[#220723:Swine farm],07/09/2026 18:01:56
[#204405:Vernal Wolpertinger],07/09/2026 18:02:17
[#51575:Delftsblauw],07/09/2026 18:02:39
[#109905:Creepy Thing - 5.5],07/09/2026 18:03:06
[#112675:Old warship],07/09/2026 19:55:18
[#131021:Butterfly full of color],07/09/2026 19:55:42
[#214038:Soulflayer Prober],07/09/2026 19:56:05
[#156624:Solar Eclipse],07/09/2026 19:56:27
[#56460:Vocaloid],07/09/2026 19:56:46
[#243480:angel],07/09/2026 19:57:10
[#164663:Scrooge],07/10/2026 00:31:47
[#220102:pattern 19 (Ballz 2)],07/10/2026 00:32:09
[#199982:twinkle twinkle little star],07/10/2026 00:32:32
[#240761:Pop Dont Stop],07/10/2026 00:32:56
[#174168:Discworld 26],07/10/2026 00:33:17
[#202477:To bee or not to bee],07/10/2026 00:33:52
[#209542:Perisoreus infaustus],07/10/2026 00:34:49
[#198355:Blueberry (Eat me)],07/10/2026 00:35:12
[#198008:Pet dragon (Dragons)],07/10/2026 00:52:45
[#159221:Experiment 379 (Hard)],07/10/2026 00:53:33
[#227724:Patern],07/10/2026 00:55:13
[#210058:Buteo buteo],07/10/2026 00:55:49
[#141154:Tim Burton],07/10/2026 00:56:27
[#159051:Mandala],07/10/2026 00:57:01
[#152062:Phoenicurus ochruros],07/10/2026 01:20:48
[#215011:Trakehner horse],07/10/2026 01:21:17
"[#87004:CHUNITHM""Amano Ai""]",07/10/2026 01:22:22
[#155395:+++Squares 104],07/10/2026 01:23:15
[#180719:Bride],07/10/2026 01:23:55
[#139836:Slice of the Sea 5],07/10/2026 01:24:22
[#213742:DOOM - The spider mastermind],07/10/2026 01:41:27
[#159087:Quilted],07/10/2026 10:40:03
[#34734:Lasers 2],07/10/2026 10:40:39
[#93983:Azalea],07/10/2026 10:42:16
[#246364:MyDesign227],07/10/2026 10:42:36
[#204407:Vicious Wolpertinger],07/10/2026 10:43:08
"[#101333:Awaken, my Love! - Childish Gambino]",07/10/2026 10:43:34
[#202231:Gato],07/10/2026 10:43:58
[#154093:Fire lion],07/10/2026 10:44:19
[#37101:Red Stag],07/10/2026 10:44:49
[#196432:real nono],07/10/2026 14:19:08
[#41624:Vase with Flowers],07/10/2026 14:19:28
[#186918:David and Goliath],07/10/2026 14:19:53
"[#229931:""Gentleness"" (Cameron)]",07/10/2026 14:20:27
[#126239:Tsar Terem],07/10/2026 14:20:47
[#240664:Love this],07/10/2026 14:21:07
[#240531:Venom vs Carnage],07/10/2026 14:21:28
[#241041:All Metallica albums],07/10/2026 14:21:53
[#245994:Frieren],07/10/2026 14:22:36
[#192062:Thelma and Louise],07/10/2026 14:23:46
[#203300:Daemon Targaryen],07/10/2026 14:24:25
[#141776:Kurt Cobain],07/10/2026 14:25:08
[#245542:World wide web],07/10/2026 14:25:55
[#73966:Highway interchange],07/10/2026 17:28:48
[#244098:Elvis Presley],07/10/2026 17:29:08
[#244139:Hot cross bun],07/10/2026 18:08:42
[#81304:Darth Vader],07/10/2026 18:09:00
[#193181:cross-stitch],07/10/2026 18:09:20
[#235780:Nausicaa of the Valley of the Wind MANGA],07/10/2026 18:09:42
[#180736:Tex Willer],07/10/2026 18:10:00
[#99747:Yodo Boruto],07/10/2026 18:10:21
[#81277:Pretty Cow],07/10/2026 18:10:39
[#177683:Don Vito Corleone],07/10/2026 18:11:17
[#216196:Pumpkin & Honey Bunny -TRoth & APlummer],07/10/2026 18:11:42
[#113488:Dragon],07/10/2026 18:12:21
[#162123:Little girl clown],07/10/2026 18:12:56
[#162993:Patchwork],07/10/2026 19:05:24
[#101161:Long Lin Suo Yi],07/11/2026 00:04:45
[#178185:Kimetsu],07/11/2026 00:05:45
[#187311:52 Mii Swordfighter (SSBU)],07/11/2026 00:09:16
[#210599:Calidris pygmaea],07/11/2026 00:10:26
[#161823:Fire dragon eye],07/11/2026 00:11:26
[#227220:Stranger Things],07/11/2026 00:12:23
[#243635:Crest quest],07/11/2026 00:13:11
[#229974:Yellow Book Cover],07/11/2026 00:43:56
[#149836:Two-tailed Swallowtail],07/11/2026 20:55:29
[#172697:Folk art 10: Mexico],07/11/2026 20:56:13
[#60793:Jeep],07/11/2026 20:56:59
[#232184:Bear],07/11/2026 20:57:46
[#22079:Pomegranate],07/11/2026 20:58:32
[#162264:Crush],07/11/2026 20:59:21
[#124147:Olivia Holt],07/11/2026 21:00:44
[#180318:Night campfire in the forest],07/11/2026 21:01:32
[#178341:Neon Flora],07/11/2026 21:02:30
[#115020:Cherry tree],07/12/2026 01:30:43
[#199893:Beautyful girl],07/12/2026 01:31:37
[#222254:Armour smithy],07/12/2026 02:00:13
[#202947:Magsand],07/12/2026 02:02:41
[#188472:Gorou],07/12/2026 02:03:01
[#184929:Ceremonials],07/12/2026 02:03:22
[#209514:Nonogram],07/12/2026 02:03:44
[#198699:Dragon like a butterfly (Dragons)],07/12/2026 02:04:08
[#96610:True Nonoception],07/12/2026 02:13:55
[#154124:+++Squares 92],07/12/2026 02:14:36
[#203841:Leopard],07/12/2026 14:42:50
[#141636:House],07/12/2026 14:43:46
[#188066:Small Countryside],07/12/2026 14:44:27
[#189093:76 Min Min (SSBU)],07/12/2026 14:44:49
[#210898:Reading],07/12/2026 15:02:02
[#148960:Velociraptor],07/12/2026 15:02:23
[#192620:Fairy],07/12/2026 15:02:47
[#135545:Cat in the garden 15],07/12/2026 15:03:13
[#223058:MyDesign40],07/12/2026 15:03:56
[#154559:Bedroom quilt],07/12/2026 15:04:33
[#211430:Troglodytes troglodytes],07/12/2026 15:05:15
[#223644:MyDesign50],07/12/2026 15:37:42
[#211964:Dungeon of Katana],07/12/2026 15:38:07
[#246362:MyDesign225],07/12/2026 15:38:49
[#167113:Princess],07/12/2026 15:39:33
[#185642:Flowers],07/12/2026 15:40:15
[#231198:Limenitis populi],07/12/2026 15:41:18
[#215507:Jim Carrey ( Cartoon )],07/12/2026 15:43:25
"[#115081:CHUNITHM""Hakobe Naru""]",07/12/2026 16:34:13
[#184784:Sunrise at mountains],07/12/2026 19:50:58
[#36582:Shere Khan],07/12/2026 19:51:46
[#146504:Animal],07/12/2026 19:52:37
[#62993: Satori Komeiji],07/12/2026 19:53:39
[#229539:Dreams in the Witch House],07/12/2026 19:54:53
[#210649:Thunder Storm],07/12/2026 19:55:41
[#194360:Woman 14],07/12/2026 19:56:46
[#9668:The one ring],07/12/2026 19:57:58
[#82917:Geisha],07/12/2026 19:58:40
[#147872:Albert Einstein],07/12/2026 19:59:35
[#219262:Antilopinae],07/12/2026 20:00:04
[#104288:Betelgeuse],07/12/2026 20:00:29
[#158489:Trident (Coat of arms of Ukraine)],07/13/2026 02:38:43
[#24063:Serpent Tempter],07/13/2026 02:39:30
[#183673:17 Zelda (SSBU)],07/13/2026 02:40:24
[#218537:Burger Time 80s],07/13/2026 02:41:20
[#210523:The white pigeon],07/13/2026 11:03:05
[#230041:Lagiacrus (Monster Hunter)],07/13/2026 11:04:17
[#162632:Rainbow Spiral],07/13/2026 11:05:07
[#179618:Garden 3],07/13/2026 11:06:04
[#178162:Vine and grapes],07/13/2026 11:07:13
[#215217:elliptical pattern],07/13/2026 11:08:00
[#225411:MyDesign70],07/13/2026 11:08:55
[#231079:MyDesign121],07/13/2026 11:10:02
[#241984:1000 - Gholdengo],07/13/2026 11:10:51
[#140376:Collection of funny bottles 11],07/13/2026 11:11:44
[#119647:Building 1],07/13/2026 14:41:05
[#152895:Magenta Hibiscus],07/13/2026 14:41:56
[#215703:Mushrooms or not 14],07/13/2026 14:42:46
[#87181:Heart],07/13/2026 14:43:37
[#145991:Who's in the bottle? 8],07/13/2026 14:44:37
[#63511:Mosaic],07/13/2026 14:45:31
[#211426:Cacatuidae],07/13/2026 14:46:21
[#120874:No Te Va Gustar(NTVG) Suenan las alarmas],07/13/2026 14:52:58
"[#53470:Knight""3""]",07/13/2026 15:01:22
[#105948:Galleon],07/13/2026 18:34:26
[#15482:Electrical panel],07/13/2026 18:35:47
[#207642:Thor],07/13/2026 18:36:34
[#213993:IQ Test 2],07/13/2026 18:37:33
[#131956:France],07/13/2026 18:38:23
[#224982:Barracks human (Warcraft II)],07/13/2026 18:39:13
[#228845:Shipyard Human (Warcraft II)],07/14/2026 01:27:43
[#183303:corpse stealing cat],07/14/2026 01:28:29
[#243878:Taloned transport],07/14/2026 01:29:27
[#198004:Sylice],07/14/2026 11:25:25
[#246363:MyDesign226],07/14/2026 11:26:09
[#187562:Garden 6],07/14/2026 11:27:02
[#235679:MyDesign156],07/14/2026 11:27:51
[#224834:Cichorium intybus],07/14/2026 11:28:38
[#184531:Discworld 29],07/14/2026 11:29:40
[#47854:ucdevs],07/14/2026 11:30:30
[#63268:Moana],07/14/2026 11:31:17
[#235029:Dutch Alcon Blue Butterfly],07/14/2026 11:32:11
[#183928:Galaxy Girl],07/14/2026 18:48:37
[#226831:Day of the dead scull],07/14/2026 18:48:59
[#201708:Monarch Butterfly],07/14/2026 18:49:21
[#173182:Little scares],07/14/2026 18:49:54
[#191794:Braveheart],07/14/2026 18:50:14
[#199384:sumeru rose],07/14/2026 18:50:35
[#159551:Lava Dragon],07/14/2026 18:50:57
[#208971:Cat with Indian flavor],07/14/2026 18:51:59
[#193562:Tokyo University of Agriculture and Tech],07/14/2026 18:52:43
[#55969:Dragon eye 2],07/14/2026 19:21:40
[#231699:Iphiclides podalirius],07/14/2026 19:22:08
[#232929:The Minotaur],07/14/2026 19:22:55
[#183453:Awake - Dream Theater],07/14/2026 19:24:04
[#36023:Jyn Erso (Star Wars)],07/14/2026 19:25:59
[#220334:Amonites],07/14/2026 19:42:57
[#224117:Eyes and teeth],07/14/2026 19:43:34
"[#216429:Star Dragon (CMYK, 100)]",07/14/2026 19:44:14
[#131692:2PAC],07/14/2026 19:44:47
[#209705:Pandion haliaetus],07/14/2026 19:45:33
"[#230227:Charles Edward Anderson ""Chuck"" Berry]",07/14/2026 19:46:24
[#191274:historic ivrea carnival],07/14/2026 19:46:58
[#207776:dragon],07/14/2026 22:23:09
[#198842:Japanese Yokai],07/14/2026 22:23:31
[#228380:Blue mountains],07/14/2026 22:23:54
[#242154:Touhou Mystia's Izakaya],07/14/2026 22:24:16
[#146925:CITY HUNTER RYO SAEBA],07/14/2026 22:24:37
[#191110:cross-stitch],07/14/2026 22:25:35
[#98551:7x7 tank nonogram in nonogram],07/14/2026 22:26:13
[#240587:Surfer],07/14/2026 22:43:30
[#232644:Arcobaleno (KHR)],07/14/2026 22:44:02
[#185621:Lady in a evening gown],07/14/2026 22:44:41
[#226261:483 Dialga],07/15/2026 00:05:18
[#86959:V for vegeta],07/15/2026 00:05:39
[#132990:Weekdays 10 cats:general gathering],07/15/2026 00:07:10
[#119675:Fox 1],07/15/2026 00:07:30
[#134017:Lady Death],07/15/2026 00:08:36
[#90984:Nermal],07/15/2026 09:02:53
[#192126:Ogon' pod vodoi],07/15/2026 09:03:30
[#190332:Cat],07/15/2026 09:03:50
[#192500:Adult star(Georgie Lyall],07/15/2026 09:04:10
[#224647:Cute cat (cat)],07/15/2026 09:04:34
[#153812:colored carpet],07/15/2026 09:04:54
[#151685:Dragon],07/15/2026 09:05:15
[#205109:Fox cub],07/15/2026 09:05:37
[#147884:Simba 3],07/15/2026 09:06:08
[#236797:Charlie and Chocolate Factory],07/15/2026 13:22:00
[#88953:Darth Vader],07/15/2026 13:22:53
[#229179:641 Tornadus Therian Forme],07/15/2026 13:23:17
[#193849:Calling card],07/15/2026 13:23:40
[#183176:eight-headed snake],07/15/2026 13:24:11
[#192756:Kazemachi Roman - Happy End],07/15/2026 13:32:31
[#232194:Pigeon],07/15/2026 13:42:41
[#190712:Neon kitty],07/15/2026 13:43:03
[#170196:Slipping into High Heels],07/15/2026 19:43:58
[#244318:Bouquet de bleuets],07/15/2026 19:44:24
[#244450:Serpently not!],07/15/2026 19:44:49
[#244449:Glow getter],07/15/2026 19:45:20
[#236966:Quilt],07/15/2026 19:45:53
[#218430:Uncanny X-Men 1 (1963)],07/15/2026 19:46:33
[#82538:The Kraken],07/15/2026 20:07:17
[#207615:Spitz],07/15/2026 20:07:36
[#159008:Tanjiro],07/15/2026 20:07:53
[#165917:Pyrrhus],07/16/2026 01:01:20
[#244720:Submarine centipede],07/16/2026 01:01:43
[#245020:MyDesign215],07/16/2026 01:02:06
[#244613:An-enemy of the state?],07/16/2026 01:02:37
[#103322:Ptilinopus superbus],07/16/2026 01:03:32
[#244390:Carp-e diem],07/16/2026 01:04:33
[#220729:ONE PIECE - Ulti Mortar],07/16/2026 01:04:56
[#186383:KIX sorayan],07/16/2026 01:05:23
[#132998:Weekdays 10 cats: cat fiasco],07/16/2026 01:18:39
[#212000:tile pattern],07/16/2026 08:59:40
[#173087:Composition DX],07/16/2026 09:00:00
[#81348:Impossible dragon],07/16/2026 09:00:22
[#237908:wpbflower],07/16/2026 09:00:42
[#214854:Edgar Allan Poe],07/16/2026 09:01:03
[#151442:+++Squares 36],07/16/2026 09:01:24
[#101476:Love80],07/16/2026 09:01:44
[#218394:Cult of Cthulhu],07/16/2026 09:02:08
[#169767:Woven Together 8 - Precious Metals],07/16/2026 09:02:39
[#183092:samurai ghost],07/16/2026 13:28:05
[#209533:Serinus pusillus],07/16/2026 13:28:23
[#227385:bees],07/16/2026 13:28:43
[#184395:32 Ike (SSBU)],07/16/2026 19:33:28
[#157522:Tentacles],07/16/2026 19:34:07
[#220954:Brachydios (Monster Hunter)],07/16/2026 19:34:32
[#94631:Knights - 9],07/16/2026 19:35:07
[#140934:Viktor],07/16/2026 19:35:29
[#158433:Wow Frost Mage Emblem],07/16/2026 19:35:51
[#135295:Hydra Greek Island],07/16/2026 19:45:59
[#206038:Saint Bernard],07/16/2026 19:46:19
[#59377:Dino egg hatching],07/16/2026 19:46:44
[#86119:Monopoly Board],07/17/2026 00:47:08
[#168439:Attacus Atlas],07/17/2026 00:47:43
[#212667:28.Sorcerer QUBELEY(SD GUNDAM)],07/17/2026 00:48:08
[#201371:Middlesbrough FC badge 2],07/17/2026 00:48:27
[#174873:Fox with love],07/17/2026 00:49:02
[#85042:Rabbit 2],07/17/2026 00:49:20
[#190043:Stella],07/17/2026 00:49:41
[#221879:Podacanthus],07/17/2026 00:50:54
[#231296:Boloria],07/17/2026 00:51:16
[#186940:Kiss],07/17/2026 01:06:10
[#183430:Lotos flower],07/17/2026 01:06:27
[#224203:Gloriosa],07/17/2026 01:07:07
[#128031:(G)I-DLE Soyeon],07/17/2026 01:07:41
[#113058:Black Skull 2.0],07/17/2026 10:32:11
[#200048:triple flowers],07/17/2026 10:34:45
[#43745:Citroen],07/17/2026 10:35:05
[#140523:Heroes of Might and Magic],07/17/2026 10:35:29
[#182731:Life - KNOWER],07/17/2026 10:35:47
[#240653:1020 - Gouging Fire],07/17/2026 10:36:12
[#203689:2008 - Aceites y vapores],07/17/2026 10:36:40
[#89044:Morpheus],07/17/2026 10:36:58
[#208965:Sokoke],07/17/2026 10:41:25
[#162136:The Original Pennywise the Clown],07/17/2026 10:42:01
[#122987:Genshin Impact],07/17/2026 13:36:48
[#163565:Sleeping Kitten],07/17/2026 13:37:21
[#123189:Olivia Holt],07/17/2026 13:37:41
[#216416:Stained glass window],07/17/2026 13:38:13
[#143653:Wreath],07/17/2026 13:38:32
[#149895:Giraffe],07/17/2026 13:38:51
[#81368:Space jelly],07/17/2026 13:39:14
[#131907:Sweetheart rose],07/17/2026 13:39:34
[#236469:Seo Changbin (Stray Kids)],07/17/2026 14:05:02
[#89551:Donald Duck],07/17/2026 14:05:31
[#200365:eyeballz],07/17/2026 14:07:00
[#194073:Yellow Chrysanthemum grandiflorum],07/17/2026 14:07:40
[#243746:biblical sword],07/17/2026 18:15:07
"[#141417:Hello, friend]",07/17/2026 18:15:22
[#41327:Whisky - The National Drink],07/17/2026 18:15:45
[#234660:Tyrannosaurus rex],07/17/2026 18:16:03
[#109516:Creepy Thing - 3.12],07/17/2026 18:16:24
[#87315:Kids art],07/17/2026 18:16:47
[#104719:a scared girl running],07/17/2026 18:17:07
[#146737:Animal],07/17/2026 18:17:24
[#114642:Anatomy],07/17/2026 18:17:49
[#73194:Deer],07/17/2026 19:39:57
[#171062:Chessboard],07/17/2026 19:40:15
[#193844:Kung Fu Panda (Tigress)],07/17/2026 19:40:34
[#227013:Jennifer's Body],07/17/2026 19:40:52
[#224251:Nautilus],07/17/2026 19:41:29
[#184121:28 Pit (SSBU)],07/17/2026 19:41:59
[#190421:Daryl],07/18/2026 01:19:48
[#142609:Loki],07/18/2026 01:20:26
[#177349:Bug infested room],07/18/2026 01:20:48
[#145621:Border Collie],07/18/2026 01:21:14
[#116501:Old Coat of Arms],07/18/2026 01:22:01
[#210416:(Last year's snow was falling)],07/18/2026 01:22:37
[#10220:Gyarados],07/18/2026 01:22:58
[#229488:The Coffin of Andy and Leyley],07/18/2026 01:23:39
[#244388:Tape and Shapes (8)],07/18/2026 01:23:56
[#220471:Bakery],07/18/2026 01:24:29
[#181113:Squares],07/18/2026 15:18:27
[#227810:Epiphyllum oxypetalum],07/18/2026 15:20:06
[#208951:Ocicat],07/18/2026 15:20:25
[#190420:Rick],07/18/2026 15:20:44
[#140694:Ringo Starr],07/18/2026 15:21:05
[#187529:Cat],07/18/2026 15:21:27
[#129779:Basket of flowers],07/18/2026 15:21:47
[#186260:Flowers],07/18/2026 15:22:19
[#125729:Astronaut],07/18/2026 15:22:39
[#183761:fire-breathing chicken],07/19/2026 11:55:34
[#172329:Knight 08],07/19/2026 11:55:50
[#232309:Grin (Of Light)],07/19/2026 11:56:08
[#209989:by Simon444],07/19/2026 11:56:28
[#190684:Winter snowglobe],07/19/2026 11:57:01
[#223470:Raphus cucullatus],07/19/2026 11:57:20
[#154317:Tree],07/19/2026 11:57:56
[#189159:86],07/19/2026 11:58:15
[#150391:+++Squares 10],07/19/2026 11:58:33
[#102782:Ilya Muromets],07/19/2026 11:58:52
[#100337:Chapel],07/19/2026 12:35:45
[#146773:Audrey],07/19/2026 12:36:14
[#229010:Squirrel],07/19/2026 12:36:42
[#243798:Dark matter],07/19/2026 12:37:14
[#98360:Browny(cut)(Contra:Hard-Corps)],07/19/2026 12:37:44
[#182473:Women in the woods],07/19/2026 12:38:29
[#185921:the god ofwisdom],07/19/2026 12:39:04
[#212812:Sleeping cat],07/19/2026 18:26:44
[#189465:Puzzle 4],07/19/2026 18:27:24
[#229626:James Marshall (Jimi) Hendrix],07/19/2026 18:27:58
[#231426:Nausicaa of the Valley of the Wind MANGA],07/19/2026 18:28:32
[#207688:Different things 80x80],07/19/2026 18:28:56
[#103802:Mantis],07/19/2026 18:29:25
"[#153737:""Ellen Terry at Age Sixteen"" (Cameron)]",07/19/2026 18:29:58
[#187106:Dead tree with vines],07/19/2026 18:30:32
[#211801:Intricate Pattern - Floral 3],07/19/2026 18:30:54
[#182812:long neck],07/19/2026 18:31:13
[#222468:Top view series],07/19/2026 19:15:57
[#202856:Beecune],07/19/2026 19:16:52
[#225829:MyDesign78],07/19/2026 19:17:25
[#243752:Barrelled boar-barian],07/19/2026 19:17:53
[#74455:The last tree...],07/20/2026 00:22:26
[#152875:Eyewhirl],07/20/2026 00:22:48
[#145126:Kid Trunks ss],07/20/2026 00:23:15
[#224298:Nausicaa of the Valley of the Wind MANGA],07/20/2026 00:23:40
[#154440:e2e4],07/20/2026 00:24:04
[#247023:Spore core],07/20/2026 00:24:54
[#247214:Critter cluster],07/20/2026 00:25:20
[#246849:Nectar injector],07/20/2026 00:26:03
[#246610:Gandalf],07/20/2026 00:26:36
[#246563:Frog],07/20/2026 18:02:11
[#245928:Nonograms Katana],07/20/2026 18:02:32
[#246745:Rajang (Monster Hunter)],07/20/2026 18:02:55
[#246630:Under construction],07/20/2026 18:03:14
[#246054:Nonograms Katana],07/20/2026 18:03:30
[#246478:Armour-dillo],07/20/2026 18:03:49
[#246226:Nonograms Katana],07/20/2026 18:04:05
[#246554:goat],07/20/2026 18:04:20
[#222217:MyDesign8],07/20/2026 18:04:39
[#179314:MikkianTwin Jedi MasterTiplee],07/21/2026 00:57:45
[#222433:MyDesign4],07/21/2026 00:58:08
[#233179:Path from start to finish],07/21/2026 00:58:26
[#192694:Octavinel Armband],07/21/2026 00:58:47
[#150291:Dragon],07/21/2026 00:59:07
[#44481:Tayberries],07/21/2026 00:59:25
[#143988:Platanus x hispanica],07/21/2026 00:59:43
[#87396:Easter Eggs 2],07/21/2026 01:00:01
[#200248:GTA SAN ANDREAS MAP],07/21/2026 01:00:34
[#146046:Angel Fish],07/21/2026 01:26:49
[#139940:Baby Yoda],07/21/2026 01:27:55
[#159399:Cubes],07/21/2026 01:28:29
[#194080:Cain (supernatural)],07/21/2026 01:28:59
[#240328:Mockingbird],07/21/2026 01:29:29
[#194019:Empozing],07/21/2026 01:29:51
[#88048:Peace],07/21/2026 01:30:18
[#217642:pattern13 (Ballz 2)],07/21/2026 01:30:46
[#231190:Cherry blossoms],07/21/2026 01:31:19
[#207770:Little mermaid],07/21/2026 01:32:04
[#187107:Tiger],07/21/2026 19:20:59
[#187748:List of 60 MP],07/21/2026 19:21:32
[#36730:year of the rooster],07/21/2026 19:21:50
[#63133:Blonde Woman Portrait],07/21/2026 19:22:11
[#52685:Otogi spirit agents],07/21/2026 19:22:42
[#190273:birds],07/21/2026 19:22:59
[#139690:Summer cat],07/21/2026 19:23:16
[#190893:Olympic Rings (grey-scale)],07/21/2026 19:24:25
[#163644:Squares CLXVII],07/22/2026 00:51:53
[#227808:Bromelia],07/22/2026 01:02:55
[#229973:Barioth (Monster Hunter)],07/22/2026 01:03:15
[#198971:rainbow rose],07/22/2026 01:03:32
[#188558:Gravity],07/22/2026 01:03:50
[#238700:Waves at sea (large version)],07/22/2026 01:04:09
"[#229934:""Saint Agnes"" (Cameron)]",07/22/2026 01:04:29
[#180070:Or Fredbear? Who cares it's a bear],07/22/2026 01:04:50
[#67647:Kupidon],07/22/2026 08:57:32
[#117378:Snake],07/22/2026 08:57:56
[#187224:qilin],07/22/2026 08:58:18
[#246219:K - kiwi],07/22/2026 08:58:40
[#145658:Pomeranian],07/22/2026 08:59:10
"[#195347:Red land, blue land, black water (86)]",07/22/2026 08:59:31
[#216722:Master-Chief],07/22/2026 08:59:56
[#223173:Tape and Squares 10],07/22/2026 09:00:21
[#112919:FlowerSkull],07/22/2026 09:00:40
[#244000:Wee-nicorn],07/22/2026 13:36:44
[#196527:A little bit o' fun],07/22/2026 13:37:05
[#211143:Kommo-o],07/22/2026 13:37:26
[#243716:Tape and Shapes (7)],07/22/2026 13:37:48
[#210881:Streptopelia turtur],07/22/2026 13:38:09
[#115896:Parcifal (Jean Delville)],07/22/2026 13:38:31
[#202742:BLEACH - Grimmjow Jaegarjaques],07/22/2026 13:38:59
[#192594:Bimbo (ahegao],07/22/2026 13:39:19
[#112185:Mt.fuji & wave],07/22/2026 13:39:47
[#171208:Easter],07/22/2026 19:36:35
"[#142285:Pushkin, Russian poet]",07/22/2026 19:36:52
[#199546:Chlorella sp],07/22/2026 19:37:11
[#245028:pierce the veil],07/22/2026 19:37:34
[#244547:Calamari-ty Jane],07/22/2026 19:37:56
[#244722:Nonograms Katana],07/23/2026 02:01:36
[#244883:Captain Claw-dia],07/23/2026 02:01:55
[#149646:Mei and Satsuki grow trees (Ghibli)],07/23/2026 02:02:13
[#244761:Barry Cuda],07/23/2026 02:02:38
[#161650:Zenit FC],07/23/2026 02:03:05
[#228665:Red tree],07/23/2026 02:03:23
[#96855:Pokemix - Espeon x Ho-Oh],07/23/2026 02:03:41
[#172176:How I remember London underground map],07/23/2026 02:03:59
[#165683:Mickey to catch a thief],07/23/2026 02:04:17
[#118094:Fire-breathing dragon],07/23/2026 02:04:35
"[#229935:""Margie Thackeray"" (Cameron)]",07/23/2026 08:59:16
[#235820:Lollipop],07/23/2026 08:59:37
[#230225:Sharon Marie Tate Polanski],07/23/2026 09:00:00
[#220883:Iron mine],07/23/2026 09:00:22
[#167676:Squares],07/23/2026 09:01:09
[#244138:Lunar lizard],07/23/2026 09:01:33
[#246570:Pink Tree],07/23/2026 09:02:05
[#242072:Touhou Mystia's Izakaya],07/23/2026 09:02:26
[#246446:Isolation],07/23/2026 09:02:48
[#246760:Extinguisher adaptations],07/23/2026 13:46:31
[#245929:Nonograms Katana],07/23/2026 13:46:47
[#243348:989 - Sandy Shocks],07/23/2026 13:47:09
[#246825:L - lemon],07/23/2026 13:47:30
[#247062:A bit leggy],07/23/2026 13:47:53
[#145338:Pokemon],07/23/2026 13:48:24
[#9169:Castle],07/23/2026 13:48:44
[#155515:+++Squares 107],07/23/2026 13:49:03
[#220521:Big Ben],07/23/2026 19:52:04
[#244840:Tape and Shapes (9)],07/23/2026 19:52:21
[#182494:Folk art 23: Ukraine],07/23/2026 19:52:38
[#246361:MyDesign224],07/23/2026 19:52:54
[#244130:MyDesign206],07/23/2026 19:53:11
[#243239:Catfish],07/23/2026 19:53:28
[#244206:Do frogs like rain?],07/23/2026 19:53:57
"[#244986:Ooh, la la.]",07/23/2026 19:54:14
[#242242:Touhou Mystia's Izakaya],07/23/2026 19:54:33
[#242562:Tape and Shapes],07/24/2026 00:34:41
[#243877:Galloping galleon],07/24/2026 00:47:09
[#197175:Ateez hongjoong],07/24/2026 00:47:37
"[#232895:District 5 ""hunger games""]",07/24/2026 11:26:39
[#235782:Nausicaa of the Valley of the Wind MANGA],07/24/2026 11:26:57
[#241996:Touhou Mystia's Izakaya],07/24/2026 11:27:16
[#244337:Handy cephalopod],07/24/2026 11:27:35
[#244061:caligraphy girl],07/24/2026 11:27:53
[#244128:Goblin],07/24/2026 11:28:11
[#241997:Touhou Mystia's Izakaya],07/24/2026 11:28:45
[#243483:golden wing angel],07/24/2026 11:29:03
[#241673:Touhou Mystia's Izakaya],07/24/2026 11:29:20
[#244689:MyDesign211],07/24/2026 11:29:48
[#245322:Nonograms Katana],07/24/2026 11:30:33
[#221944:Damsel in distress],07/24/2026 11:31:08
[#209103:A dinosaur in the forest],07/24/2026 17:19:08
[#234029:Nausicaa of the Valley of the Wind MANGA],07/24/2026 17:19:29
[#50041:Great tit],07/24/2026 17:19:51
[#178704:Melia 2],07/24/2026 17:20:10
[#186945:Eucalyptus],07/24/2026 17:20:28
[#109909:Creepy Thing - 5.9],07/24/2026 17:20:47
[#192591:Bimbo],07/24/2026 17:21:57
[#165766:Pattern l],07/24/2026 17:22:16
[#46802:Panacea],07/24/2026 17:22:35
[#139833:Slice of the Sea 2],07/24/2026 17:39:53
[#212195:Folk art 83: Moldavian Nation],07/24/2026 17:40:37
[#102998:Coregonus_albula],07/24/2026 17:41:16
[#116546:Mandala Lion],07/24/2026 17:41:51
[#193689:Blue & Gold on Black with Red Thread 073],07/24/2026 17:42:24
[#211153:Different things 80x80],07/24/2026 17:43:16
"[#136536:""Little Margie"" (Cameron)]",07/24/2026 17:44:02
[#142003:Swallow on a branch with flowers],07/24/2026 17:44:48
[#238197:2 in 1 series],07/24/2026 17:45:21
[#83590:Aussie-Dex - 88 - Ranga],07/24/2026 17:45:55
[#141308:Que pro],07/25/2026 00:31:33
[#127551:Ghibli. Gake no ue no Ponyo],07/25/2026 00:31:54
[#178320:Woman and Lavender],07/25/2026 00:32:15
[#148717:Demon Slayer - Kimetsu no Yaiba],07/25/2026 00:32:39
[#182575:Arara bleu],07/25/2026 00:33:25
[#178521:Perspective XIX],07/25/2026 00:33:51
"[#186017:Intersection, I wonder...]",07/25/2026 00:34:14
[#200503:Ducati Corse logo],07/25/2026 00:34:38
[#141102:Who's in the bottle? 3],07/25/2026 00:35:05
[#33550:Shiny Reshiram],07/25/2026 16:01:31
[#70936:Ipomoea],07/25/2026 16:01:52
[#157115:punggyeong 2],07/25/2026 16:02:12
[#42614:Pheasant],07/25/2026 16:02:33
[#236138:Cryptic french love message],07/25/2026 16:03:04
[#65651:Fisherman and the Golden Fish],07/25/2026 16:03:24
[#212844:Gadget],07/25/2026 16:03:48
[#175130:Apocalypso - The Presets],07/25/2026 16:04:11
[#191959:Interstellar],07/25/2026 16:04:33
[#36381:Earth],07/26/2026 03:49:00
[#26082:Bricks],07/26/2026 03:49:21
[#96789:Potted groot],07/26/2026 03:49:41
[#106834:Pennywise (It) 2017],07/26/2026 03:50:10
[#106574:Cup of coffee],07/26/2026 03:50:28
[#236079:MyDesign158],07/26/2026 03:50:45
[#58525:Vocaloid],07/26/2026 03:51:02
[#201739:Hansa Rostock Logo],07/26/2026 03:51:22
[#236912:Around the Fur],07/26/2026 03:51:56
[#200730:violetgrass],07/26/2026 12:23:57
[#142954:Robocop],07/26/2026 12:24:15
[#135403:Drossel],07/26/2026 12:24:50
[#208609:Detail is in the eyes],07/26/2026 12:25:31
[#215104:Unknown author],07/26/2026 12:51:47
[#160578:Old Frankenstein Halloween mask],07/26/2026 12:52:05
[#242790:MyDesign187],07/26/2026 12:52:24
[#173062:Peacock Paisley (046)],07/26/2026 12:52:41
[#242991:Tape and Shapes (6)],07/26/2026 12:52:58
[#187314:54 Palutena (SSBU)],07/26/2026 12:53:20
[#96837:Old clock mechanism],07/26/2026 12:53:49
[#92000:Book - Ice],07/26/2026 20:28:19
[#101167:Wan Lang Tong Jia],07/26/2026 20:28:48
[#240384:MyDesign178],07/26/2026 20:29:17
[#162629:Woven Together 6],07/26/2026 20:30:22
[#40278:Somewhere in Venice],07/26/2026 20:30:47
[#86268:Neuschwanstein],07/26/2026 20:31:06
[#191395:In the moonlight],07/26/2026 20:31:23
[#245410:Crude awakening],07/26/2026 20:31:41
[#158420:Frostmourn],07/26/2026 20:31:57
[#160588:Wheatley (Portal 2)],07/26/2026 20:32:29
[#180432:Spiderman],07/27/2026 01:23:19
[#225927:Hedgehog],07/27/2026 01:23:51
[#146327:Kings Quest IV - Organ Attic],07/27/2026 01:24:11
[#168318:Dragon Ball],07/27/2026 01:24:29
[#182227:Greece],07/27/2026 01:24:47
[#201083:Fairy on the palm],07/27/2026 01:25:06
[#51445:On the Fourth Day of Christmas...],07/27/2026 01:25:23
[#32269:Kyurem],07/27/2026 01:25:41
[#86357:10x10],07/27/2026 01:26:02
[#103228: Cat and birds],07/27/2026 11:05:24
"[#86705:maimai""Otohime""]",07/27/2026 11:06:47
[#187561:Pikseli],07/27/2026 11:07:06
[#169613:Idc anymore],07/27/2026 11:07:37
[#243174:morrigan aensland],07/27/2026 11:08:07
[#242874:Mushrooms or not 17],07/27/2026 11:08:24
[#233968:NYR Lady Liberty Logo],07/27/2026 11:08:42
[#70495:Vegibot 12],07/27/2026 11:09:33
[#169996:Boreal Owl],07/27/2026 11:10:07
[#218987:Champions League],07/27/2026 11:10:43
[#225290:Hippophae],07/27/2026 11:11:20
[#105597:Pokemon],07/27/2026 11:17:51
[#159766:Woven Together 3 - Elastic Heart],07/27/2026 11:18:12
[#19940:Ghost the direwolf],07/27/2026 11:18:35
[#204473:Dragon],07/27/2026 11:18:53
[#44386:Bastet],07/27/2026 11:19:27
[#141768:Forest],07/27/2026 11:19:48
[#162343:Woven Together 5 - Dusty],07/27/2026 17:07:27
[#242878:MyDesign188],07/27/2026 17:07:47
[#183460:snow woman],07/27/2026 17:08:05
[#181804:The Demogorgon],07/27/2026 17:08:28
[#34224:Tree],07/27/2026 17:08:55
[#208687:Intersection],07/27/2026 17:09:13
[#40207:Shiny Gyarados],07/27/2026 17:09:31
[#21924:Zodiac Signs],07/27/2026 17:09:53
[#184430:heavenly maiden],07/27/2026 17:10:15
[#98137:Grape Wine],07/27/2026 17:28:38
[#159400:Eagle],07/27/2026 17:29:21
[#178324:+++Squares 161],07/28/2026 02:24:38
[#247366:MyDesign247],07/28/2026 02:24:55
[#245034:Cry-star-lised],07/28/2026 02:25:15
[#166598:Worlds Apart],07/28/2026 02:25:31
[#245345:Heavy petting],07/28/2026 02:25:47
[#105160:Happy Halloween],07/28/2026 02:26:10
[#52184:Crystal ball],07/28/2026 02:26:28
[#230042:Cat],07/28/2026 02:26:44
[#178870:Shulk 2],07/28/2026 02:27:02
[#198660:Colors],07/28/2026 10:42:09
[#176598:Tattoo Extract],07/28/2026 10:42:30
[#97852:Miller's House],07/28/2026 10:42:50
[#234028:Nausicaa of the Valley of the Wind MANGA],07/28/2026 10:43:11
[#106441:Monster 20],07/28/2026 10:43:37
[#94110:Mecha - 06b],07/28/2026 11:27:08
[#125051:Neon pattern],07/28/2026 11:28:12
[#192033:Drive],07/28/2026 11:28:46
[#209347:2015 - Dance of Katanas],07/28/2026 11:29:27
[#245346:Carterocephalus silvicola],07/28/2026 11:29:56
[#98316:Contra:Hard-Corps],07/28/2026 11:30:19
[#222799:Zinogre (Monster Hunter)],07/28/2026 11:30:40
[#184871:Demon Maiden],07/28/2026 11:30:59
[#182232:spider woman],07/28/2026 11:31:37
[#198328:Anime 4],07/28/2026 11:38:28
[#23448:Thresh(LoL)],07/28/2026 12:08:57
[#209287:Black cat],07/28/2026 12:09:30
[#209297:Crossbill],07/28/2026 12:09:57
[#243999:Ray-diant pride],07/28/2026 12:10:33
[#245982:Mining beetle],07/28/2026 12:11:02
[#85458:Rayquaza],07/28/2026 12:12:59
[#235609:MyDesign155],07/28/2026 12:13:26
[#172578:Quartz Flower Design (052)],07/28/2026 12:13:52
[#154805:Cat in the garden 41],07/28/2026 12:14:32
[#222079:ONE PIECE - NICO OLVIA],07/28/2026 12:15:12
[#173133:Composition DVIII],07/28/2026 14:22:18
"[#182462:Bhairavi, Fierce Goddess]",07/28/2026 14:23:11
[#181933:Wraith killer dead by daylight],07/28/2026 14:23:44
[#244779:MyDesign212],07/28/2026 14:24:18
[#236137:MyDesign160],07/28/2026 14:24:48
[#216694:She hotter with glasses],07/28/2026 14:25:10
[#102753:Papilio machaon],07/28/2026 14:25:40
[#219548:Pollen],07/28/2026 14:26:13
[#241615:Ribbon],07/28/2026 14:26:41
[#177771:pirogom-007],07/28/2026 14:27:12
[#247438:Hidden depths],07/29/2026 01:44:18
[#247137:H2-Oh-Wow],07/29/2026 01:46:26
[#246779:Mexico football crest],07/29/2026 01:49:05
[#247574:Long story],07/29/2026 02:12:09
[#247509:Easy pictures 5],07/29/2026 02:12:56
[#245032:J - Jaboticaba],07/29/2026 02:13:51
[#245639:cat],07/29/2026 02:14:38
[#245224:snapdragon],07/29/2026 19:22:48
[#167011:Egypt],07/29/2026 19:32:09
[#32273:Shiny Scolipede],07/29/2026 19:33:31
[#246936:Spine tingler],07/29/2026 19:34:13
[#246700:Hostile takeover],07/29/2026 19:35:49
[#247535:Easy pictures 6],07/29/2026 19:36:32
[#247666:Easy pictures 7],07/29/2026 19:37:30
[#246344:Jax + Pomni TADC],07/29/2026 19:38:27
[#162387:+++Squares 151],07/29/2026 19:39:26
[#245223:skysplit gembloom],07/29/2026 19:40:25
[#247702:Shifting sands],07/30/2026 01:41:59
[#55385:Chess],07/30/2026 09:00:28
[#103879:Jotaro Kujo],07/30/2026 09:00:54
[#150354:+++Squares 6],07/30/2026 09:01:21
[#79800:Church],07/30/2026 09:01:52
[#152783:Revolver - The Beatles],07/30/2026 09:02:18
[#167722:Zebra],07/30/2026 09:02:47
[#229559:Toyger],07/30/2026 09:03:12
[#237254:Deer],07/30/2026 09:03:49
[#187530:Flowers],07/30/2026 09:04:16
[#229844:646 White Kyurem],07/30/2026 09:04:46
[#247447:lily],07/30/2026 20:37:23
[#145484:Woman II],07/30/2026 20:47:22
[#201539:Asian architecture 5: China],07/30/2026 20:49:20
[#155766:S3E04 Entry permit (Adventure)],07/30/2026 20:50:54
[#48914:Dragon Quest IX],07/30/2026 20:52:13
[#142637:Sailor Jerry tattoo 2],07/30/2026 21:56:45
[#118092:Tree of life],07/30/2026 21:57:27
[#59652:Girl],07/30/2026 21:58:21
[#148157:OOT Triforce],07/30/2026 21:58:45
[#229731:Giraffe],07/30/2026 21:59:11
[#75329:Gundam Wing],07/30/2026 21:59:44
[#30417:Minesweeper Complete],07/30/2026 22:00:12
[#161080:Big Daddy (Bioshock)],07/30/2026 22:00:38
[#106421:Crocoite],07/30/2026 22:01:19
[#222255:Barracks],07/30/2026 22:01:51
[#133159:Flowers],07/31/2026 01:27:37
[#187646:Jaguar],07/31/2026 01:28:28
[#178826:Kimetsu],07/31/2026 01:29:14
[#215412:Dungeon of Katana],07/31/2026 01:30:03
[#167435:Avengers Assemble],07/31/2026 01:34:01
[#122124:2pac - All Eyez On Me],07/31/2026 13:52:18
[#131289:Wake-up Katie],07/31/2026 13:53:09
[#45247:I love my profession],07/31/2026 13:53:59
[#133275:Dont touch him],07/31/2026 13:54:45
[#180869:sickle and weasel],07/31/2026 13:55:32
[#144694:Dragon],07/31/2026 13:56:30
[#201654:Unvoir],07/31/2026 13:57:23
[#101173:Seng Luo Hu Yi],07/31/2026 13:58:11
[#218364:River house on stilts],07/31/2026 13:59:04
[#75951:Fight],08/01/2026 03:14:00
[#211952:Dungeon of Katana],08/01/2026 03:14:54
[#72225:Nemophila],08/01/2026 03:15:45
[#227314:Tape and Squares 11],08/01/2026 03:16:31
[#188332:63 Bayonetta (SSBU)],08/01/2026 03:17:21
[#155968:+++Squares 114],08/01/2026 03:18:11
[#208024:Dalmatian],08/01/2026 12:14:39
[#223855:MyDesign54],08/02/2026 01:32:06
[#98130:Grape Harvest],08/02/2026 01:32:23
[#146431:Pokemon],08/02/2026 01:32:43
[#151103:+++Squares 26],08/02/2026 01:33:20
[#151134:Einstein],08/02/2026 11:42:07
[#242765:Dusk Ossein],08/02/2026 11:42:28
[#243603:A girl with a glass of wine],08/02/2026 11:42:48
[#241148:Sunflower],08/02/2026 11:43:12
[#240675:Fire rabbit],08/02/2026 11:44:40
[#242977:993 - Iron Jugulis],08/02/2026 11:45:02
[#243047:Igneous Ossein],08/02/2026 11:45:42
[#241674:Touhou Mystia's Izakaya],08/02/2026 11:46:08
[#241563:Red bikini girl],08/02/2026 11:46:28
[#231943:Parnassius phoebus],08/02/2026 19:02:23
[#117285:Octopus],08/02/2026 19:02:52
[#108664:Deadly apple 3],08/02/2026 19:03:16
[#116254:Green plant],08/02/2026 19:03:58
[#216460:Three Cheers for Sweet Revenge],08/02/2026 19:04:19
[#73742:THE EYE!!!!!!!],08/02/2026 19:04:37
[#126594:Two dragons],08/02/2026 19:05:05
[#80676:Trippy apple],08/02/2026 19:05:32
[#205462:Girl with big curls],08/02/2026 19:05:54
[#229732:Eagle],08/02/2026 19:06:15
[#139834:Slice of the Sea 3],08/02/2026 21:53:19
[#222326:Snow Lion's Discipline (Snow)],08/02/2026 21:53:41
[#207890:Intersection],08/02/2026 21:54:03
[#234699:Goat],08/02/2026 21:54:21
[#105081:Rayquaza],08/02/2026 21:54:58
[#134754:Dyed headphones],08/02/2026 21:55:23
[#207262:UWU],08/02/2026 21:56:04
[#190347:Butterflies],08/02/2026 21:56:47
[#73416:Uvularia],08/02/2026 21:57:23
[#181660:Two little guys],08/02/2026 21:58:01
[#176071:Medieval castle l],08/02/2026 22:17:43
[#204196:Ace One Piece],08/02/2026 22:18:24
[#214223:Chuck key],08/02/2026 22:18:59
[#204179:Friends],08/02/2026 22:22:24
[#199550:pluie lotus],08/02/2026 22:23:03
[#144883:Butterflies in the garden 20],08/03/2026 02:14:20
[#190925:Intersection],08/03/2026 02:14:53
[#101517:Ri Yue Shi],08/03/2026 02:15:19
[#230915:Nayper],08/03/2026 02:15:42
[#128876:Seal point siamese],08/03/2026 02:16:05
[#25362:Avengers - Vision],08/03/2026 02:16:31
[#114853:Waterfall],08/03/2026 02:16:58
[#150378:Asymetrics squares],08/03/2026 02:17:28
[#65642:RPG Character],08/03/2026 02:17:53
[#223473:Araneus],08/03/2026 11:21:54
[#233846:Ring-necked Parakeet],08/03/2026 11:22:19
[#216528:Eye of the Tiger],08/03/2026 11:22:40
[#231351:Spyro the Dragon],08/03/2026 11:23:03
[#228209:MyDesign103],08/03/2026 11:23:31
[#73831:Sunny day],08/03/2026 11:23:49
[#215899:Bird (Of Light)],08/03/2026 11:24:09
[#126958:Tricks or Treats],08/03/2026 11:41:00
[#183910:23 Gannondorf (SSBU)],08/03/2026 11:41:30
[#162428:Nagisa Furukawa],08/03/2026 12:10:50
[#225797:The Witcher],08/03/2026 12:11:29
[#33549:Zekrom],08/03/2026 12:12:07
[#227887:Samurai Pizza Cats],08/03/2026 12:12:51
[#94633:Knights - 11],08/03/2026 12:13:35
[#80696:Spider in the forest],08/03/2026 12:14:26
[#149973:Crocodile 2],08/03/2026 16:44:09
[#154950:++No Squares 7],08/03/2026 18:30:37
[#87752:Saber-toothed Tiger],08/03/2026 18:31:05
[#245248:Nonograms Katana],08/03/2026 18:31:25
[#245245:Nonograms Katana],08/03/2026 18:31:49
[#245444:Harbouring a pest problem],08/03/2026 18:32:10
[#245541:Centi-peak],08/03/2026 18:32:32
[#70828:Geraniums],08/03/2026 18:32:51
[#138000:Nintendo NES vintage game],08/03/2026 18:33:25
[#183551:14 Bowser (SSBU)],08/04/2026 01:36:55
[#171487:Isis],08/04/2026 01:37:14
[#183952:MikkianTwin Jedi MasterTiplar],08/04/2026 01:37:33
[#38723:More Bluebells],08/04/2026 01:37:52
[#196178:Mandala],08/04/2026 01:38:26
[#214872:Mushrooms or not 13],08/04/2026 01:39:29
[#174317:Demogorgon killer dead by daylight],08/04/2026 01:39:47
[#240412:Varang],08/04/2026 01:40:04
[#103247:Phataginus sp.],08/04/2026 01:40:23
[#199764:viparyas],08/04/2026 10:16:23
[#232145:Owl],08/04/2026 10:16:43
[#188697:Lgloo],08/04/2026 10:17:10
[#97526:Morgana (Persona 5)],08/04/2026 10:17:51
[#109673:Federal States of Germany],08/04/2026 10:18:39
[#197898:Ghibli - The Boy and the Heron],08/04/2026 10:19:03
[#197333:Drakon na cherepe (Drakony)],08/04/2026 10:19:44
[#228614:Hypselodoris Iba],08/04/2026 10:20:03
[#236409:Lee Know (Stray Kids)],08/04/2026 10:20:28
[#162265:Squirt],08/04/2026 14:41:59
[#230774:MyDesign115],08/04/2026 14:42:17
[#214269:Behemoth (Breath of Fire 3)],08/04/2026 14:42:37
[#128076:Butterflies in the garden 6],08/04/2026 14:42:59
[#221995:Armoury workshop],08/04/2026 14:43:21
[#216427:German Shepard in a house],08/04/2026 14:43:41
"[#87355:CHUNITHM""Chocolat""]",08/04/2026 14:44:01
[#61049:Dragon Gorynych],08/04/2026 14:44:20
[#136650:Milize Vladilena],08/04/2026 14:45:03
[#172705:Tetris],08/04/2026 14:45:43
[#191605:The Girl is Crying in her Latte - Sparks],08/04/2026 14:46:27
[#190373:Flowers],08/04/2026 16:09:11
[#147976:Cat in the garden 35],08/04/2026 16:09:58
[#167915:The Legend of Zelda: A Link to the Past],08/04/2026 16:10:39
[#142741:Sailor Jerry tattoo 3],08/04/2026 16:11:24
[#96325:Abstract squares],08/04/2026 16:13:04
[#200745:Aquarius - Haken],08/04/2026 16:13:38
[#180661:death],08/04/2026 16:14:12
[#90845:lightning runaway],08/04/2026 16:14:47
[#96923:Orchid],08/04/2026 16:15:04
[#158793:Flower wreath],08/04/2026 21:12:21
[#185626:Fruits n blooms],08/05/2026 01:16:22
"[#125123:""The Red and White Roses"" (Cameron)]",08/05/2026 01:16:38
[#53394:Ancient city],08/05/2026 01:16:55
[#239780:Black glasses],08/05/2026 01:17:12
[#102708:Cat face],08/05/2026 01:17:28
[#184175:Mosaic-y sunset],08/05/2026 01:17:47
[#235449:MyDesign154],08/05/2026 01:18:10
[#35246:The Thistle],08/05/2026 01:18:29
[#184782:Robert Redfor],08/05/2026 09:04:51
[#224623:Persona5R],08/05/2026 09:05:18
[#210776:Surnia ulula],08/05/2026 09:05:46
[#88994:Sirin],08/05/2026 09:06:08
[#226021:Eurasian Wolf],08/05/2026 09:06:39
[#75845:Red Demon (NnT)],08/05/2026 09:07:00
[#145590:Yum yum],08/05/2026 09:07:20
[#108420:Mistake],08/05/2026 09:07:42
[#159149:Gold and Gems],08/05/2026 09:08:04
[#26164:Drakkar],08/05/2026 17:21:18
[#169575:Hourglass Segment],08/05/2026 17:22:05
[#135892:Deadpool],08/05/2026 17:22:29
[#200336:Eastern dragon (Dragons)],08/05/2026 17:22:50
[#146970:Madonna],08/05/2026 17:23:16
[#220986:Dreams at The House of Luna 10],08/05/2026 17:23:38
[#172853:Ferris Wheel],08/05/2026 17:23:59
[#202316:2014 - Second Prelude],08/05/2026 17:24:27
"[#177819:10, 000 Days - Tool]",08/05/2026 17:24:46
[#137335:Ribbon candy],08/05/2026 22:28:59
[#209694:Galaxy jelly],08/05/2026 22:29:18
[#141980:raineoseu],08/05/2026 22:29:45
[#162967:ONE PIECE - SANJI],08/05/2026 22:30:08
[#36060:Zebra],08/05/2026 22:30:29
[#188582:Winter night],08/05/2026 22:30:47
[#218704:Tattoo 5],08/05/2026 22:31:10
[#230080:Tattoo 7],08/05/2026 22:31:31
[#207912:The Cloaked Lizard],08/05/2026 22:31:52
[#240397:Valentine's swallow],08/05/2026 22:32:13
[#184546:honkai star rail],08/05/2026 22:33:42
[#209648:The Philosophers Gone 9],08/05/2026 23:00:45
[#212913:29.MonsterMedusaQUBELEY(SD GUNDAM)],08/05/2026 23:01:22
[#164096:Christine McVie],08/05/2026 23:01:57
[#208695:2014 - Luz's Transformation],08/05/2026 23:02:38
[#174264:Homework - Daft Punk],08/05/2026 23:03:12
[#102311:Legend of Zelda - Link's Awakening],08/05/2026 23:03:46
[#235453:Genshin Impact],08/05/2026 23:06:13
[#152765:+++Squares 61],08/05/2026 23:06:45
"[#145741:Amsterdam at sunset, in B&W]",08/05/2026 23:07:14
[#135778:Xenomorph (Alien)],08/05/2026 23:07:50
[#233346:MyDesign143],08/06/2026 09:03:06
[#210121:Bimbo],08/06/2026 09:03:32
[#104717:Guitar-steampunk],08/06/2026 09:03:55
[#207653:Sailboat],08/06/2026 09:04:48
"[#187645:Locked in a mirror. ""Your heart is mine""]",08/06/2026 09:05:17
[#207973:The Yemeni Chameleon],08/06/2026 09:22:43
[#230995:MyDesign118],08/06/2026 09:23:33
[#219256:Yakon],08/06/2026 09:24:45
[#209021:ONE PIECE - Uta],08/06/2026 09:25:29
[#221366:Tattoo 6],08/06/2026 13:45:07
[#216047:Phoenix],08/06/2026 13:46:11
[#202606:Quilt 54],08/06/2026 13:46:39
[#199765:2005 - The Albino Princess],08/06/2026 13:47:04
[#237281:complex unclear],08/06/2026 13:47:26
[#206129:Lynx],08/06/2026 13:47:47
[#213464:Cat],08/06/2026 13:48:08
[#47851:Italian landscape],08/06/2026 13:48:33
[#31929:Souryuu Asuka Langley],08/06/2026 13:48:53
[#165651:Steamboat Willie 2],08/06/2026 20:05:18
[#62684:Lotus flower],08/06/2026 20:06:26
[#170354:Teinopalpus imperialis],08/06/2026 20:08:44
[#90408:Kili],08/06/2026 20:08:58
[#237941:Darth Vader],08/06/2026 20:10:21
[#187317:57 Shulk (SSBU)],08/06/2026 20:13:42
[#216281:Tattoo 4],08/06/2026 20:14:41
[#39324:Blue Tit],08/06/2026 20:15:27
[#176601:Butterfly Bhutanitis lidderdalii],08/06/2026 20:16:04
[#147510:Hraesvelgr FFXIV],08/07/2026 10:32:36
[#188742:Forest],08/07/2026 10:32:58
[#99422:Colorful pattern],08/07/2026 10:33:21
[#226001:puzzle],08/07/2026 11:21:21
[#214671:Mega-pazle],08/07/2026 11:21:50
[#112509:Black Skull 1.0],08/07/2026 11:22:28
[#149395:Flying ship],08/07/2026 11:23:07
[#152359:Turdus pilaris],08/07/2026 11:23:45
[#197436:Hoot hoot],08/07/2026 11:24:08
[#87091:Girl],08/07/2026 11:24:42
[#167881:Woven Together 7],08/07/2026 11:25:28
[#149122:Judy Garland],08/07/2026 11:26:04
[#162125:Goalkeeper],08/07/2026 12:13:20
[#184295:Husky],08/07/2026 12:14:12
[#74074:Abstract],08/07/2026 12:14:59
[#215380:Butterfly Polyura eudamippus],08/07/2026 12:15:39
[#94627:Knights - 5],08/07/2026 12:16:21
[#223472:Latrodectus tredecimguttatus],08/07/2026 12:17:08
[#212748:Frog souls],08/07/2026 12:17:29
[#70605:Joker],08/07/2026 18:43:31
[#231886:Sugar Skull],08/07/2026 18:43:57
[#216048:birds eye view],08/07/2026 18:44:18
[#19690:White Tiger],08/07/2026 18:44:39
[#98455:Fang(cut)(Contra:Hard-Corps)],08/07/2026 18:44:56
[#192472:Little Girl],08/07/2026 18:45:17
[#165931:Cherry Blossom],08/07/2026 18:45:34
[#189015:66E Richter (SSBU)],08/07/2026 18:45:52
[#223803:Rey Dau (MH Wilds)],08/07/2026 18:46:18
[#199477:Prohibited Book 1 Cover],08/07/2026 18:46:36
[#232248:Seokia eximia],08/08/2026 02:20:32
[#185633:44 Wolf (SSBU)],08/08/2026 02:21:03
[#196330:A raven on a branch smokes a pipe],08/08/2026 02:21:31
[#72850:Quisqualis Indica],08/08/2026 02:22:20
[#213858:Dungeon of Katana],08/08/2026 02:23:33
[#107208:Zebra (Grayscale)],08/08/2026 02:24:11
[#215216:circular pattern 2],08/08/2026 02:24:47
[#238517:Cat101],08/08/2026 02:25:32
[#217643:pattern14 (Ballz 2)],08/08/2026 02:25:54
[#197967:Cristina Scabbia - Lacuna Coil],08/08/2026 02:26:24
[#235400:Radujnaia spiral'],08/08/2026 16:47:33
[#170467:Saturn],08/08/2026 16:47:50
[#200785:Dream Catcher],08/08/2026 16:48:08
[#219608:Jin Dahaad (MH Wilds)],08/08/2026 16:48:25
[#214238:Lethal Smog],08/08/2026 16:50:18
[#145167:Stylized griffin],08/08/2026 16:50:34
[#198272:Luz (from Malefic Time: Apocalypse)],08/08/2026 16:50:53
[#218251:Rugal-The King of Fighters 2002UM],08/08/2026 16:51:12
[#190815:Venom],08/08/2026 16:51:29
[#43598:Marvin the Martian],08/09/2026 00:52:29
[#218144:One Piece Nika],08/09/2026 00:54:16
[#92766:Giraffes],08/09/2026 12:26:45
[#100652:Long Live the King],08/09/2026 12:27:04
[#193928:Abchan],08/09/2026 12:27:26
[#207828:gobbler],08/09/2026 12:29:14
[#174117:Twi'lek Padawan Aria Carena],08/09/2026 12:29:35
[#179511:Nature],08/09/2026 12:29:57
[#190830:Flowers],08/09/2026 12:30:22
[#104534:Flower wreath],08/09/2026 12:30:52
[#166671:mirror],08/09/2026 12:31:15
[#184022:25E Chrom (SSBU)],08/09/2026 19:26:40
[#116417:Husky pup],08/09/2026 19:27:01
[#212115:Cloychoke],08/09/2026 19:27:25
[#204732:Summer on the beach],08/09/2026 19:27:46
[#190178:Christmas tree],08/09/2026 19:28:21
[#214870:Different things 80x80],08/09/2026 19:28:52
[#86690:Italian street],08/09/2026 19:29:14
[#19748:Font],08/09/2026 19:29:34
[#91546:Ifrit (Final Fantasy)],08/09/2026 19:29:57
[#236099:MyDesign159],08/09/2026 19:30:17
[#46285:Lasers 3],08/09/2026 20:02:29
[#228324:Neofelis nebulosa],08/09/2026 20:03:00
[#226664:Pattern - 56],08/09/2026 20:03:36
[#210336:Gallinago megala],08/09/2026 20:04:15
[#191128:Ice and Snow World],08/09/2026 20:04:57
[#218749:Girl learning ice-skating],08/09/2026 20:05:43
[#114254:Firebird],08/09/2026 20:06:19
[#232996:Zebra],08/09/2026 20:06:45
[#226586:Bruce Lee],08/09/2026 20:07:27
[#85835:Bearclaw],08/09/2026 20:08:40
[#185504:Mother of Dragons],08/10/2026 02:29:51
[#50895:Nest],08/10/2026 02:30:12
[#184542:Kimetsu],08/10/2026 02:30:31
[#189514:Poinsettias],08/10/2026 02:30:51
[#181010:Arctia villica],08/10/2026 02:31:09
[#211962:Dungeon of Katana],08/10/2026 02:31:30
[#237943:Doctor Octopus],08/10/2026 02:32:00
[#205372:Watcher Sentinel],08/10/2026 02:32:19
[#107395:Owl],08/10/2026 02:32:38
[#139451:Butterfly Papilio maakii],08/10/2026 02:32:57
[#202906:Sturnus vulgaris],08/10/2026 02:33:14
[#173542:Ornithoptera alexandrae (butterfly)_1(2)],08/10/2026 11:01:35
[#215052:Bimbo],08/10/2026 11:02:01
[#189445:Snake],08/10/2026 12:01:38
[#196360:Classical Building],08/10/2026 12:02:22
[#33965:Patchwork (hard)],08/10/2026 12:02:45
[#213576:Different things 80x80],08/10/2026 12:31:10
[#185477:Dragon],08/10/2026 12:31:55
[#112618:Skull on fire],08/10/2026 12:32:20
[#52526:Flower],08/10/2026 12:32:49
[#197906:Tattoo 3],08/10/2026 12:33:11
[#149264:Brilliant eye 2],08/10/2026 13:18:10
[#157453:Tree frog close up],08/10/2026 18:40:50
[#104289:Jack Skellington],08/10/2026 18:41:13
[#216779:Lady],08/10/2026 18:41:40
[#206597:Bison],08/10/2026 18:42:02
[#5540:Love],08/10/2026 18:42:22
[#7505:Blue Jasmine],08/10/2026 18:42:42
[#208472:Poppies],08/10/2026 18:43:00
[#203281:Wyvern Skystalker],08/10/2026 18:43:18
[#184012:25 Roy (SSBU)],08/10/2026 18:43:36
[#179134:Parrot],08/10/2026 18:43:54
[#181023:The angel],08/10/2026 18:44:24
[#183573:Anxiety],08/11/2026 11:21:49
[#144301:Modern sonic],08/11/2026 11:22:08
"[#86735:CHUNITHM""Lilyalice Colchicum""]",08/11/2026 11:22:30
[#217594:bubble pattern variant 2],08/11/2026 11:22:52
[#198589:2016 - The Annunciation 2],08/11/2026 11:23:10
[#116582:Mandala Horse],08/11/2026 11:23:30
[#145487:Tabby Cat],08/11/2026 11:36:57
[#103601:Lotus],08/11/2026 11:37:19
[#61560:Chameleon],08/11/2026 11:37:52
[#99160:Tarma(cut)(Metal Slug 2 & X & 3)],08/11/2026 11:39:29
[#210585:Red Storm],08/11/2026 21:25:24
[#102751:Sailor moon - sailor venus],08/11/2026 21:25:49
[#190165:Flowers],08/11/2026 21:26:11
[#134694:Gnomes1],08/11/2026 21:26:36
[#103298:Zombie],08/11/2026 21:26:55
[#102777:Pianist],08/11/2026 21:27:18
[#135306:Ship],08/11/2026 21:27:39
[#120494:Black horse],08/11/2026 21:47:39
[#210602:Aethia pusilla],08/11/2026 21:48:06
[#119134:Colorful tree],08/11/2026 21:49:02
[#217339:Snake],08/11/2026 21:50:06
[#196332:Neon kitty],08/11/2026 21:51:33
[#215281:elliptical pattern 2],08/11/2026 21:52:14
[#238137:Swallowtail],08/11/2026 21:52:57
[#131556:Foliage],08/11/2026 23:49:28
[#128647:Butterflies in the garden 8],08/12/2026 01:55:44
[#213472:31.Sorcerer BIG-ZAM(SD GUNDAM)],08/12/2026 01:56:07
[#183023:03 Link],08/12/2026 01:56:32
[#52691:Puppy love],08/12/2026 01:56:54
[#159073:Snake Among Roses],08/12/2026 01:57:26
[#125173:Serge SB userpic],08/12/2026 01:58:08
[#165952:Jokull],08/12/2026 01:58:30
[#224654:Water Priest],08/12/2026 01:58:59
[#189013:65 Ridley (SSBU)],08/12/2026 10:59:36
[#132518:00 Gundam],08/12/2026 10:59:57
[#197889:Lamborghini logo],08/12/2026 11:00:17
[#236925:Spirit Phone],08/12/2026 15:47:08
[#199073:Keyleth],08/12/2026 15:47:33
[#169948:(magdalena bay's album cover)],08/12/2026 15:48:03
[#31639:Chinese Dragon],08/12/2026 15:48:23
[#186789:Apple],08/12/2026 15:48:48
[#209557:Message],08/12/2026 16:31:37
[#139839:Golden ram],08/12/2026 16:32:00
[#88554:R],08/12/2026 16:32:28
"[#237674:""Blessing and Blessed"" (Cameron)]",08/12/2026 16:32:49
[#148461:Gogeta],08/12/2026 16:33:36
[#145648:Saint Bernard],08/12/2026 16:34:13
[#236663:Nausicaa of the Valley of the Wind MANGA],08/12/2026 16:35:03
[#172178:anime girl],08/12/2026 23:53:02
[#163978:Spindasis kuyanianus],08/12/2026 23:53:30
[#222325:Snow],08/12/2026 23:54:02
[#130685:Tea with lemon],08/12/2026 23:54:31
[#96631:Bumblebee],08/12/2026 23:55:00
[#14356:box],08/12/2026 23:55:38
[#227801:Echeveria],08/12/2026 23:56:33
[#91999:Book - Fire],08/12/2026 23:57:00
[#32284:Braviary],08/12/2026 23:58:16
[#186571:Chalet in the snow],08/12/2026 23:59:16
[#237246:Marvel Comics],08/13/2026 12:22:09
[#164247:Comfy winter sweater],08/13/2026 12:22:30
[#199141:Iconic photos from history],08/13/2026 12:22:53
[#230311:MyDesign113],08/13/2026 12:23:16
[#75283:Checkers],08/13/2026 12:23:37
"[#232808:District 3 ""hunger games""]",08/13/2026 12:23:57
[#237026:Sleep in the Mountains 2],08/13/2026 12:24:18
"[#232800:District 2 ""hunger games""]",08/13/2026 12:24:39
[#152495:Animals & steampunk... and top hat 1],08/13/2026 12:24:59
[#225393:Fructus Rosae],08/13/2026 12:25:45
[#247935:Easy pictures 9],08/13/2026 17:17:10
[#247380:Out on a limb],08/13/2026 17:17:26
[#247745:Loose ends],08/13/2026 17:17:45
[#248356:Easy pictures 12],08/13/2026 17:18:14
[#248443:Easy pictures 13],08/13/2026 17:18:32
[#248372:Eye sea you],08/13/2026 17:18:53
[#247102:Spy-der bot],08/13/2026 17:19:15
[#247975:Easy pictures 10],08/13/2026 17:19:35
[#208375:Thor],08/13/2026 17:19:57
[#86065:BTS],08/13/2026 17:20:19
[#226042:Nausicaa of the Valley of the Wind MANGA],08/13/2026 17:26:40
[#247178:Jelly jiggler],08/13/2026 17:27:18
[#247489:Coral charger],08/13/2026 17:27:48
[#247839:Easy pictures 8],08/13/2026 22:40:12
[#234458:Too much apples!!],08/13/2026 22:40:34
[#248418:Hot wings],08/14/2026 03:13:02
[#246977:Star-ter fluid],08/14/2026 03:13:18
[#247936:A cut above],08/14/2026 03:13:51
[#248623:Memory made flesh],08/14/2026 03:14:08
[#247268:Clamps and guns and octo-roll],08/14/2026 03:14:24
[#227988:Into the Galaxy],08/14/2026 03:14:44
[#248297:Easy pictures 11],08/14/2026 03:15:00
[#124730:On the tree hammock],08/14/2026 03:15:22
[#145682:Pokemon],08/14/2026 16:01:08
[#70386:Maze],08/14/2026 16:02:19
[#248026:Magma cum laude],08/14/2026 16:02:44
[#248057:Ramifications],08/14/2026 16:03:09
[#248265:Knot today],08/14/2026 16:03:37
[#84583:Laura Palmer],08/14/2026 16:04:14
[#246918:Bosnia and Herzegovina football crest],08/14/2026 16:17:32
[#248282:Denia],08/14/2026 16:18:05
[#246917:Qatar football crest],08/14/2026 16:18:29
[#247448:meow],08/14/2026 16:18:48
[#248053:Queen Glory of the Rainwings],08/14/2026 16:19:21
[#141994:Owl],08/14/2026 16:19:54
[#149428:Mermaid],08/14/2026 16:22:07
[#213302:30.KNIGHT ALEX(SD GUNDAM)],08/14/2026 16:22:44
[#230047:MyDesign109],08/14/2026 16:23:22
[#247663:Frobbit],08/14/2026 16:43:44
[#37112:Flower],08/14/2026 21:29:46
[#198407:Garden 9],08/14/2026 21:30:12
[#159193:Primary squares (026)],08/14/2026 21:30:31
[#49037:Dragon Drache],08/14/2026 21:30:50
[#163681:Squares CLXVIII],08/14/2026 21:31:10
[#164827:Pattern OO151],08/14/2026 21:31:30
[#243582:MyDesign202],08/14/2026 21:31:58
[#207693:Deadpool],08/14/2026 21:32:17
[#133597:He's mine now!],08/14/2026 21:32:36
[#222927:Three Feet Ice Blade (Moritaka)],08/15/2026 03:12:09
[#80154:Estela Plateada],08/15/2026 17:15:08
[#157697:Marigold],08/15/2026 17:15:32
[#246852:Nonograms Katana],08/15/2026 17:15:52
[#159183:Asuka],08/15/2026 17:16:12
"[#182512:Shakti, the Universal Mother]",08/15/2026 17:16:31
[#205915:Manul],08/15/2026 17:16:50
[#169782:Captain America],08/15/2026 17:17:10
[#188032:Unimaginable suffering],08/15/2026 17:17:32
[#199846:mourning flower],08/15/2026 17:17:51
[#140450:Butterflies in the garden 15],08/15/2026 19:05:18
[#199053:shit],08/15/2026 19:16:11
[#174890:Illusion VII],08/15/2026 19:16:30
[#248124:Neuvillette],08/15/2026 19:16:47
[#170931:Choi],08/15/2026 19:17:12
[#245930:Nonograms Katana],08/15/2026 19:17:30
[#220995:Dreams Cover (Re-edition)],08/15/2026 19:17:49
